granule,start,end,cloud_cover,size_mb,download_nc
EMIT_L2B_MIN_001_20220831T043446_2224303_008,2022-08-31T04:34:46.000Z,2022-08-31T04:34:58.000Z,0,85.7,https://data.lpdaac.earthdatacloud.nasa.gov/lp-prod-protected/EMITL2BMIN.001/EMIT_L2B_MIN_001_20220831T043446_2224303_008/EMIT_L2B_MIN_001_20220831T043446_2224303_008.nc
EMIT_L2B_MIN_001_20230127T085017_2302706_008,2023-01-27T08:50:17.000Z,2023-01-27T08:50:29.000Z,0,99.1,https://data.lpdaac.earthdatacloud.nasa.gov/lp-prod-protected/EMITL2BMIN.001/EMIT_L2B_MIN_001_20230127T085017_2302706_008/EMIT_L2B_MIN_001_20230127T085017_2302706_008.nc
EMIT_L2B_MIN_001_20230127T085029_2302706_009,2023-01-27T08:50:29.000Z,2023-01-27T08:50:41.000Z,0,103.1,https://data.lpdaac.earthdatacloud.nasa.gov/lp-prod-protected/EMITL2BMIN.001/EMIT_L2B_MIN_001_20230127T085029_2302706_009/EMIT_L2B_MIN_001_20230127T085029_2302706_009.nc
EMIT_L2B_MIN_001_20230127T085041_2302706_010,2023-01-27T08:50:41.000Z,2023-01-27T08:50:53.000Z,0,93.1,https://data.lpdaac.earthdatacloud.nasa.gov/lp-prod-protected/EMITL2BMIN.001/EMIT_L2B_MIN_001_20230127T085041_2302706_010/EMIT_L2B_MIN_001_20230127T085041_2302706_010.nc
EMIT_L2B_MIN_001_20230128T080223_2302806_011,2023-01-28T08:02:23.000Z,2023-01-28T08:02:34.000Z,0,78.0,https://data.lpdaac.earthdatacloud.nasa.gov/lp-prod-protected/EMITL2BMIN.001/EMIT_L2B_MIN_001_20230128T080223_2302806_011/EMIT_L2B_MIN_001_20230128T080223_2302806_011.nc
EMIT_L2B_MIN_001_20230128T080234_2302806_012,2023-01-28T08:02:34.000Z,2023-01-28T08:02:46.000Z,0,75.3,https://data.lpdaac.earthdatacloud.nasa.gov/lp-prod-protected/EMITL2BMIN.001/EMIT_L2B_MIN_001_20230128T080234_2302806_012/EMIT_L2B_MIN_001_20230128T080234_2302806_012.nc
EMIT_L2B_MIN_001_20230204T053531_2303504_002,2023-02-04T05:35:31.000Z,2023-02-04T05:35:43.000Z,0,94.4,https://data.lpdaac.earthdatacloud.nasa.gov/lp-prod-protected/EMITL2BMIN.001/EMIT_L2B_MIN_001_20230204T053531_2303504_002/EMIT_L2B_MIN_001_20230204T053531_2303504_002.nc
EMIT_L2B_MIN_001_20230215T094618_2304606_016,2023-02-15T09:46:18.000Z,2023-02-15T09:46:30.000Z,0,86.9,https://data.lpdaac.earthdatacloud.nasa.gov/lp-prod-protected/EMITL2BMIN.001/EMIT_L2B_MIN_001_20230215T094618_2304606_016/EMIT_L2B_MIN_001_20230215T094618_2304606_016.nc
EMIT_L2B_MIN_001_20230215T094642_2304606_018,2023-02-15T09:46:42.000Z,2023-02-15T09:46:53.000Z,0,95.3,https://data.lpdaac.earthdatacloud.nasa.gov/lp-prod-protected/EMITL2BMIN.001/EMIT_L2B_MIN_001_20230215T094642_2304606_018/EMIT_L2B_MIN_001_20230215T094642_2304606_018.nc
EMIT_L2B_MIN_001_20230215T094705_2304606_020,2023-02-15T09:47:05.000Z,2023-02-15T09:47:17.000Z,0,83.7,https://data.lpdaac.earthdatacloud.nasa.gov/lp-prod-protected/EMITL2BMIN.001/EMIT_L2B_MIN_001_20230215T094705_2304606_020/EMIT_L2B_MIN_001_20230215T094705_2304606_020.nc
EMIT_L2B_MIN_001_20230218T085814_2304906_041,2023-02-18T08:58:14.000Z,2023-02-18T08:58:26.000Z,0,87.2,https://data.lpdaac.earthdatacloud.nasa.gov/lp-prod-protected/EMITL2BMIN.001/EMIT_L2B_MIN_001_20230218T085814_2304906_041/EMIT_L2B_MIN_001_20230218T085814_2304906_041.nc
EMIT_L2B_MIN_001_20230223T063442_2305404_029,2023-02-23T06:34:42.000Z,2023-02-23T06:34:54.000Z,0,87.5,https://data.lpdaac.earthdatacloud.nasa.gov/lp-prod-protected/EMITL2BMIN.001/EMIT_L2B_MIN_001_20230223T063442_2305404_029/EMIT_L2B_MIN_001_20230223T063442_2305404_029.nc
EMIT_L2B_MIN_001_20230302T041336_2306103_007,2023-03-02T04:13:36.000Z,2023-03-02T04:13:48.000Z,0,98.0,https://data.lpdaac.earthdatacloud.nasa.gov/lp-prod-protected/EMITL2BMIN.001/EMIT_L2B_MIN_001_20230302T041336_2306103_007/EMIT_L2B_MIN_001_20230302T041336_2306103_007.nc
EMIT_L2B_MIN_001_20230404T055003_2309404_003,2023-04-04T05:50:03.000Z,2023-04-04T05:50:15.000Z,0,98.6,https://data.lpdaac.earthdatacloud.nasa.gov/lp-prod-protected/EMITL2BMIN.001/EMIT_L2B_MIN_001_20230404T055003_2309404_003/EMIT_L2B_MIN_001_20230404T055003_2309404_003.nc
EMIT_L2B_MIN_001_20230407T050436_2309704_013,2023-04-07T05:04:36.000Z,2023-04-07T05:04:48.000Z,0,88.4,https://data.lpdaac.earthdatacloud.nasa.gov/lp-prod-protected/EMITL2BMIN.001/EMIT_L2B_MIN_001_20230407T050436_2309704_013/EMIT_L2B_MIN_001_20230407T050436_2309704_013.nc
EMIT_L2B_MIN_001_20230417T100419_2310707_040,2023-04-17T10:04:19.000Z,2023-04-17T10:04:31.000Z,0,95.2,https://data.lpdaac.earthdatacloud.nasa.gov/lp-prod-protected/EMITL2BMIN.001/EMIT_L2B_MIN_001_20230417T100419_2310707_040/EMIT_L2B_MIN_001_20230417T100419_2310707_040.nc
EMIT_L2B_MIN_001_20230429T051220_2311903_028,2023-04-29T05:12:20.000Z,2023-04-29T05:12:32.000Z,0,96.9,https://data.lpdaac.earthdatacloud.nasa.gov/lp-prod-protected/EMITL2BMIN.001/EMIT_L2B_MIN_001_20230429T051220_2311903_028/EMIT_L2B_MIN_001_20230429T051220_2311903_028.nc
EMIT_L2B_MIN_001_20230531T071422_2315105_005,2023-05-31T07:14:22.000Z,2023-05-31T07:14:34.000Z,0,100.9,https://data.lpdaac.earthdatacloud.nasa.gov/lp-prod-protected/EMITL2BMIN.001/EMIT_L2B_MIN_001_20230531T071422_2315105_005/EMIT_L2B_MIN_001_20230531T071422_2315105_005.nc
EMIT_L2B_MIN_001_20230531T071434_2315105_006,2023-05-31T07:14:34.000Z,2023-05-31T07:14:45.000Z,0,108.7,https://data.lpdaac.earthdatacloud.nasa.gov/lp-prod-protected/EMITL2BMIN.001/EMIT_L2B_MIN_001_20230531T071434_2315105_006/EMIT_L2B_MIN_001_20230531T071434_2315105_006.nc
EMIT_L2B_MIN_001_20230603T062613_2315405_011,2023-06-03T06:26:13.000Z,2023-06-03T06:26:24.000Z,0,101.4,https://data.lpdaac.earthdatacloud.nasa.gov/lp-prod-protected/EMITL2BMIN.001/EMIT_L2B_MIN_001_20230603T062613_2315405_011/EMIT_L2B_MIN_001_20230603T062613_2315405_011.nc
EMIT_L2B_MIN_001_20230607T044630_2315803_004,2023-06-07T04:46:30.000Z,2023-06-07T04:46:42.000Z,0,99.7,https://data.lpdaac.earthdatacloud.nasa.gov/lp-prod-protected/EMITL2BMIN.001/EMIT_L2B_MIN_001_20230607T044630_2315803_004/EMIT_L2B_MIN_001_20230607T044630_2315803_004.nc
EMIT_L2B_MIN_001_20230607T044642_2315803_005,2023-06-07T04:46:42.000Z,2023-06-07T04:46:53.000Z,0,99.3,https://data.lpdaac.earthdatacloud.nasa.gov/lp-prod-protected/EMITL2BMIN.001/EMIT_L2B_MIN_001_20230607T044642_2315803_005/EMIT_L2B_MIN_001_20230607T044642_2315803_005.nc
EMIT_L2B_MIN_001_20230607T044705_2315803_007,2023-06-07T04:47:05.000Z,2023-06-07T04:47:17.000Z,0,99.8,https://data.lpdaac.earthdatacloud.nasa.gov/lp-prod-protected/EMITL2BMIN.001/EMIT_L2B_MIN_001_20230607T044705_2315803_007/EMIT_L2B_MIN_001_20230607T044705_2315803_007.nc
EMIT_L2B_MIN_001_20230607T044729_2315803_009,2023-06-07T04:47:29.000Z,2023-06-07T04:47:41.000Z,0,98.1,https://data.lpdaac.earthdatacloud.nasa.gov/lp-prod-protected/EMITL2BMIN.001/EMIT_L2B_MIN_001_20230607T044729_2315803_009/EMIT_L2B_MIN_001_20230607T044729_2315803_009.nc
EMIT_L2B_MIN_001_20230621T080040_2317205_040,2023-06-21T08:00:40.000Z,2023-06-21T08:00:52.000Z,0,105.8,https://data.lpdaac.earthdatacloud.nasa.gov/lp-prod-protected/EMITL2BMIN.001/EMIT_L2B_MIN_001_20230621T080040_2317205_040/EMIT_L2B_MIN_001_20230621T080040_2317205_040.nc
EMIT_L2B_MIN_001_20230621T080052_2317205_041,2023-06-21T08:00:52.000Z,2023-06-21T08:01:04.000Z,0,102.6,https://data.lpdaac.earthdatacloud.nasa.gov/lp-prod-protected/EMITL2BMIN.001/EMIT_L2B_MIN_001_20230621T080052_2317205_041/EMIT_L2B_MIN_001_20230621T080052_2317205_041.nc
EMIT_L2B_MIN_001_20230621T080104_2317205_042,2023-06-21T08:01:04.000Z,2023-06-21T08:01:16.000Z,0,101.6,https://data.lpdaac.earthdatacloud.nasa.gov/lp-prod-protected/EMITL2BMIN.001/EMIT_L2B_MIN_001_20230621T080104_2317205_042/EMIT_L2B_MIN_001_20230621T080104_2317205_042.nc
EMIT_L2B_MIN_001_20230621T080116_2317205_043,2023-06-21T08:01:16.000Z,2023-06-21T08:01:27.000Z,0,100.2,https://data.lpdaac.earthdatacloud.nasa.gov/lp-prod-protected/EMITL2BMIN.001/EMIT_L2B_MIN_001_20230621T080116_2317205_043/EMIT_L2B_MIN_001_20230621T080116_2317205_043.nc
EMIT_L2B_MIN_001_20230902T030430_2324502_006,2023-09-02T03:04:30.000Z,2023-09-02T03:04:41.000Z,0,81.3,https://data.lpdaac.earthdatacloud.nasa.gov/lp-prod-protected/EMITL2BMIN.001/EMIT_L2B_MIN_001_20230902T030430_2324502_006/EMIT_L2B_MIN_001_20230902T030430_2324502_006.nc
EMIT_L2B_MIN_001_20230930T065749_2327305_009,2023-09-30T06:57:49.000Z,2023-09-30T06:58:01.000Z,0,84.1,https://data.lpdaac.earthdatacloud.nasa.gov/lp-prod-protected/EMITL2BMIN.001/EMIT_L2B_MIN_001_20230930T065749_2327305_009/EMIT_L2B_MIN_001_20230930T065749_2327305_009.nc
EMIT_L2B_MIN_001_20231003T060940_2327604_007,2023-10-03T06:09:40.000Z,2023-10-03T06:09:52.000Z,0,92.6,https://data.lpdaac.earthdatacloud.nasa.gov/lp-prod-protected/EMITL2BMIN.001/EMIT_L2B_MIN_001_20231003T060940_2327604_007/EMIT_L2B_MIN_001_20231003T060940_2327604_007.nc
EMIT_L2B_MIN_001_20231003T060952_2327604_008,2023-10-03T06:09:52.000Z,2023-10-03T06:10:04.000Z,0,90.5,https://data.lpdaac.earthdatacloud.nasa.gov/lp-prod-protected/EMITL2BMIN.001/EMIT_L2B_MIN_001_20231003T060952_2327604_008/EMIT_L2B_MIN_001_20231003T060952_2327604_008.nc
EMIT_L2B_MIN_001_20231003T061028_2327604_011,2023-10-03T06:10:28.000Z,2023-10-03T06:10:40.000Z,0,95.3,https://data.lpdaac.earthdatacloud.nasa.gov/lp-prod-protected/EMITL2BMIN.001/EMIT_L2B_MIN_001_20231003T061028_2327604_011/EMIT_L2B_MIN_001_20231003T061028_2327604_011.nc
EMIT_L2B_MIN_001_20231003T061040_2327604_012,2023-10-03T06:10:40.000Z,2023-10-03T06:10:51.000Z,0,95.1,https://data.lpdaac.earthdatacloud.nasa.gov/lp-prod-protected/EMITL2BMIN.001/EMIT_L2B_MIN_001_20231003T061040_2327604_012/EMIT_L2B_MIN_001_20231003T061040_2327604_012.nc
EMIT_L2B_MIN_001_20231004T052217_2327704_008,2023-10-04T05:22:17.000Z,2023-10-04T05:22:29.000Z,0,84.1,https://data.lpdaac.earthdatacloud.nasa.gov/lp-prod-protected/EMITL2BMIN.001/EMIT_L2B_MIN_001_20231004T052217_2327704_008/EMIT_L2B_MIN_001_20231004T052217_2327704_008.nc
EMIT_L2B_MIN_001_20231007T043414_2328003_009,2023-10-07T04:34:14.000Z,2023-10-07T04:34:26.000Z,0,92.1,https://data.lpdaac.earthdatacloud.nasa.gov/lp-prod-protected/EMITL2BMIN.001/EMIT_L2B_MIN_001_20231007T043414_2328003_009/EMIT_L2B_MIN_001_20231007T043414_2328003_009.nc
EMIT_L2B_MIN_001_20231007T043449_2328003_012,2023-10-07T04:34:49.000Z,2023-10-07T04:35:01.000Z,0,92.0,https://data.lpdaac.earthdatacloud.nasa.gov/lp-prod-protected/EMITL2BMIN.001/EMIT_L2B_MIN_001_20231007T043449_2328003_012/EMIT_L2B_MIN_001_20231007T043449_2328003_012.nc
EMIT_L2B_MIN_001_20231025T061852_2329804_029,2023-10-25T06:18:52.000Z,2023-10-25T06:19:04.000Z,0,101.9,https://data.lpdaac.earthdatacloud.nasa.gov/lp-prod-protected/EMITL2BMIN.001/EMIT_L2B_MIN_001_20231025T061852_2329804_029/EMIT_L2B_MIN_001_20231025T061852_2329804_029.nc
EMIT_L2B_MIN_001_20231029T044307_2330203_013,2023-10-29T04:43:07.000Z,2023-10-29T04:43:19.000Z,0,97.3,https://data.lpdaac.earthdatacloud.nasa.gov/lp-prod-protected/EMITL2BMIN.001/EMIT_L2B_MIN_001_20231029T044307_2330203_013/EMIT_L2B_MIN_001_20231029T044307_2330203_013.nc
EMIT_L2B_MIN_001_20231029T044319_2330203_014,2023-10-29T04:43:19.000Z,2023-10-29T04:43:31.000Z,0,101.1,https://data.lpdaac.earthdatacloud.nasa.gov/lp-prod-protected/EMITL2BMIN.001/EMIT_L2B_MIN_001_20231029T044319_2330203_014/EMIT_L2B_MIN_001_20231029T044319_2330203_014.nc
EMIT_L2B_MIN_001_20231203T060943_2333704_006,2023-12-03T06:09:43.000Z,2023-12-03T06:09:55.000Z,0,102.3,https://data.lpdaac.earthdatacloud.nasa.gov/lp-prod-protected/EMITL2BMIN.001/EMIT_L2B_MIN_001_20231203T060943_2333704_006/EMIT_L2B_MIN_001_20231203T060943_2333704_006.nc
EMIT_L2B_MIN_001_20231203T060955_2333704_007,2023-12-03T06:09:55.000Z,2023-12-03T06:10:07.000Z,0,101.9,https://data.lpdaac.earthdatacloud.nasa.gov/lp-prod-protected/EMITL2BMIN.001/EMIT_L2B_MIN_001_20231203T060955_2333704_007/EMIT_L2B_MIN_001_20231203T060955_2333704_007.nc
EMIT_L2B_MIN_001_20240430T034419_2412103_003,2024-04-30T03:44:19.000Z,2024-04-30T03:44:31.000Z,0,102.6,https://data.lpdaac.earthdatacloud.nasa.gov/lp-prod-protected/EMITL2BMIN.001/EMIT_L2B_MIN_001_20240430T034419_2412103_003/EMIT_L2B_MIN_001_20240430T034419_2412103_003.nc
EMIT_L2B_MIN_001_20240430T034431_2412103_004,2024-04-30T03:44:31.000Z,2024-04-30T03:44:43.000Z,0,98.5,https://data.lpdaac.earthdatacloud.nasa.gov/lp-prod-protected/EMITL2BMIN.001/EMIT_L2B_MIN_001_20240430T034431_2412103_004/EMIT_L2B_MIN_001_20240430T034431_2412103_004.nc
EMIT_L2B_MIN_001_20240519T110842_2414008_016,2024-05-19T11:08:42.000Z,2024-05-19T11:08:56.000Z,0,109.8,https://data.lpdaac.earthdatacloud.nasa.gov/lp-prod-protected/EMITL2BMIN.001/EMIT_L2B_MIN_001_20240519T110842_2414008_016/EMIT_L2B_MIN_001_20240519T110842_2414008_016.nc
EMIT_L2B_MIN_001_20240607T033354_2415903_009,2024-06-07T03:33:54.000Z,2024-06-07T03:34:06.000Z,0,101.6,https://data.lpdaac.earthdatacloud.nasa.gov/lp-prod-protected/EMITL2BMIN.001/EMIT_L2B_MIN_001_20240607T033354_2415903_009/EMIT_L2B_MIN_001_20240607T033354_2415903_009.nc
EMIT_L2B_MIN_001_20240607T033418_2415903_011,2024-06-07T03:34:18.000Z,2024-06-07T03:34:41.000Z,0,189.9,https://data.lpdaac.earthdatacloud.nasa.gov/lp-prod-protected/EMITL2BMIN.001/EMIT_L2B_MIN_001_20240607T033418_2415903_011/EMIT_L2B_MIN_001_20240607T033418_2415903_011.nc
EMIT_L2B_MIN_001_20240610T024420_2416202_007,2024-06-10T02:44:20.000Z,2024-06-10T02:44:32.000Z,0,107.4,https://data.lpdaac.earthdatacloud.nasa.gov/lp-prod-protected/EMITL2BMIN.001/EMIT_L2B_MIN_001_20240610T024420_2416202_007/EMIT_L2B_MIN_001_20240610T024420_2416202_007.nc
EMIT_L2B_MIN_001_20240610T024432_2416202_008,2024-06-10T02:44:32.000Z,2024-06-10T02:44:44.000Z,0,105.3,https://data.lpdaac.earthdatacloud.nasa.gov/lp-prod-protected/EMITL2BMIN.001/EMIT_L2B_MIN_001_20240610T024432_2416202_008/EMIT_L2B_MIN_001_20240610T024432_2416202_008.nc
EMIT_L2B_MIN_001_20241003T051521_2427704_002,2024-10-03T05:15:21.000Z,2024-10-03T05:15:41.000Z,0,152.8,https://data.lpdaac.earthdatacloud.nasa.gov/lp-prod-protected/EMITL2BMIN.001/EMIT_L2B_MIN_001_20241003T051521_2427704_002/EMIT_L2B_MIN_001_20241003T051521_2427704_002.nc
EMIT_L2B_MIN_001_20241203T044945_2433804_008,2024-12-03T04:49:45.000Z,2024-12-03T04:50:06.000Z,0,156.0,https://data.lpdaac.earthdatacloud.nasa.gov/lp-prod-protected/EMITL2BMIN.001/EMIT_L2B_MIN_001_20241203T044945_2433804_008/EMIT_L2B_MIN_001_20241203T044945_2433804_008.nc
EMIT_L2B_MIN_001_20250214T090853_2504506_003,2025-02-14T09:08:53.000Z,2025-02-14T09:09:05.000Z,0,88.0,https://data.lpdaac.earthdatacloud.nasa.gov/lp-prod-protected/EMITL2BMIN.001/EMIT_L2B_MIN_001_20250214T090853_2504506_003/EMIT_L2B_MIN_001_20250214T090853_2504506_003.nc
EMIT_L2B_MIN_001_20250403T045519_2509303_005,2025-04-03T04:55:19.000Z,2025-04-03T04:55:31.000Z,0,93.9,https://data.lpdaac.earthdatacloud.nasa.gov/lp-prod-protected/EMITL2BMIN.001/EMIT_L2B_MIN_001_20250403T045519_2509303_005/EMIT_L2B_MIN_001_20250403T045519_2509303_005.nc
EMIT_L2B_MIN_001_20250418T073547_2510805_025,2025-04-18T07:35:47.000Z,2025-04-18T07:35:59.000Z,0,82.3,https://data.lpdaac.earthdatacloud.nasa.gov/lp-prod-protected/EMITL2BMIN.001/EMIT_L2B_MIN_001_20250418T073547_2510805_025/EMIT_L2B_MIN_001_20250418T073547_2510805_025.nc
EMIT_L2B_MIN_001_20250418T073611_2510805_027,2025-04-18T07:36:11.000Z,2025-04-18T07:36:24.000Z,0,101.8,https://data.lpdaac.earthdatacloud.nasa.gov/lp-prod-protected/EMITL2BMIN.001/EMIT_L2B_MIN_001_20250418T073611_2510805_027/EMIT_L2B_MIN_001_20250418T073611_2510805_027.nc
EMIT_L2B_MIN_001_20250523T091119_2514306_001,2025-05-23T09:11:19.000Z,2025-05-23T09:11:31.000Z,0,107.3,https://data.lpdaac.earthdatacloud.nasa.gov/lp-prod-protected/EMITL2BMIN.001/EMIT_L2B_MIN_001_20250523T091119_2514306_001/EMIT_L2B_MIN_001_20250523T091119_2514306_001.nc
EMIT_L2B_MIN_001_20260211T093652_2604207_022,2026-02-11T09:36:52.000Z,2026-02-11T09:37:03.000Z,0,125.1,https://data.lpdaac.earthdatacloud.nasa.gov/lp-prod-protected/EMITL2BMIN.001/EMIT_L2B_MIN_001_20260211T093652_2604207_022/EMIT_L2B_MIN_001_20260211T093652_2604207_022.nc
EMIT_L2B_MIN_001_20260420T065836_2611004_032,2026-04-20T06:58:36.000Z,2026-04-20T06:58:47.000Z,0,126.5,https://data.lpdaac.earthdatacloud.nasa.gov/lp-prod-protected/EMITL2BMIN.001/EMIT_L2B_MIN_001_20260420T065836_2611004_032/EMIT_L2B_MIN_001_20260420T065836_2611004_032.nc
EMIT_L2B_MIN_001_20260424T052605_2611403_017,2026-04-24T05:26:05.000Z,2026-04-24T05:26:17.000Z,0,121.7,https://data.lpdaac.earthdatacloud.nasa.gov/lp-prod-protected/EMITL2BMIN.001/EMIT_L2B_MIN_001_20260424T052605_2611403_017/EMIT_L2B_MIN_001_20260424T052605_2611403_017.nc
EMIT_L2B_MIN_001_20260425T043803_2611503_008,2026-04-25T04:38:03.000Z,2026-04-25T04:38:15.000Z,0,129.9,https://data.lpdaac.earthdatacloud.nasa.gov/lp-prod-protected/EMITL2BMIN.001/EMIT_L2B_MIN_001_20260425T043803_2611503_008/EMIT_L2B_MIN_001_20260425T043803_2611503_008.nc
EMIT_L2B_MIN_001_20260519T101812_2613907_016,2026-05-19T10:18:12.000Z,2026-05-19T10:18:24.000Z,0,127.5,https://data.lpdaac.earthdatacloud.nasa.gov/lp-prod-protected/EMITL2BMIN.001/EMIT_L2B_MIN_001_20260519T101812_2613907_016/EMIT_L2B_MIN_001_20260519T101812_2613907_016.nc
EMIT_L2B_MIN_001_20260626T042016_2617703_007,2026-06-26T04:20:16.000Z,2026-06-26T04:20:28.000Z,0,125.4,https://data.lpdaac.earthdatacloud.nasa.gov/lp-prod-protected/EMITL2BMIN.001/EMIT_L2B_MIN_001_20260626T042016_2617703_007/EMIT_L2B_MIN_001_20260626T042016_2617703_007.nc
EMIT_L2B_MIN_001_20260626T042028_2617703_008,2026-06-26T04:20:28.000Z,2026-06-26T04:20:44.000Z,0,159.2,https://data.lpdaac.earthdatacloud.nasa.gov/lp-prod-protected/EMITL2BMIN.001/EMIT_L2B_MIN_001_20260626T042028_2617703_008/EMIT_L2B_MIN_001_20260626T042028_2617703_008.nc
EMIT_L2B_MIN_001_20220831T043422_2224303_006,2022-08-31T04:34:22.000Z,2022-08-31T04:34:34.000Z,1,93.3,https://data.lpdaac.earthdatacloud.nasa.gov/lp-prod-protected/EMITL2BMIN.001/EMIT_L2B_MIN_001_20220831T043422_2224303_006/EMIT_L2B_MIN_001_20220831T043422_2224303_006.nc
EMIT_L2B_MIN_001_20220831T043434_2224303_007,2022-08-31T04:34:34.000Z,2022-08-31T04:34:46.000Z,1,94.0,https://data.lpdaac.earthdatacloud.nasa.gov/lp-prod-protected/EMITL2BMIN.001/EMIT_L2B_MIN_001_20220831T043434_2224303_007/EMIT_L2B_MIN_001_20220831T043434_2224303_007.nc
EMIT_L2B_MIN_001_20230128T080211_2302806_010,2023-01-28T08:02:11.000Z,2023-01-28T08:02:23.000Z,1,79.2,https://data.lpdaac.earthdatacloud.nasa.gov/lp-prod-protected/EMITL2BMIN.001/EMIT_L2B_MIN_001_20230128T080211_2302806_010/EMIT_L2B_MIN_001_20230128T080211_2302806_010.nc
EMIT_L2B_MIN_001_20230128T080246_2302806_013,2023-01-28T08:02:46.000Z,2023-01-28T08:02:58.000Z,1,75.2,https://data.lpdaac.earthdatacloud.nasa.gov/lp-prod-protected/EMITL2BMIN.001/EMIT_L2B_MIN_001_20230128T080246_2302806_013/EMIT_L2B_MIN_001_20230128T080246_2302806_013.nc
EMIT_L2B_MIN_001_20230201T062312_2303205_005,2023-02-01T06:23:12.000Z,2023-02-01T06:23:23.000Z,1,83.8,https://data.lpdaac.earthdatacloud.nasa.gov/lp-prod-protected/EMITL2BMIN.001/EMIT_L2B_MIN_001_20230201T062312_2303205_005/EMIT_L2B_MIN_001_20230201T062312_2303205_005.nc
EMIT_L2B_MIN_001_20230201T062335_2303205_007,2023-02-01T06:23:35.000Z,2023-02-01T06:23:47.000Z,1,78.2,https://data.lpdaac.earthdatacloud.nasa.gov/lp-prod-protected/EMITL2BMIN.001/EMIT_L2B_MIN_001_20230201T062335_2303205_007/EMIT_L2B_MIN_001_20230201T062335_2303205_007.nc
EMIT_L2B_MIN_001_20230201T062411_2303205_010,2023-02-01T06:24:11.000Z,2023-02-01T06:24:23.000Z,1,80.3,https://data.lpdaac.earthdatacloud.nasa.gov/lp-prod-protected/EMITL2BMIN.001/EMIT_L2B_MIN_001_20230201T062411_2303205_010/EMIT_L2B_MIN_001_20230201T062411_2303205_010.nc
EMIT_L2B_MIN_001_20230201T062423_2303205_011,2023-02-01T06:24:23.000Z,2023-02-01T06:24:34.000Z,1,88.8,https://data.lpdaac.earthdatacloud.nasa.gov/lp-prod-protected/EMITL2BMIN.001/EMIT_L2B_MIN_001_20230201T062423_2303205_011/EMIT_L2B_MIN_001_20230201T062423_2303205_011.nc
EMIT_L2B_MIN_001_20230204T053543_2303504_003,2023-02-04T05:35:43.000Z,2023-02-04T05:35:55.000Z,1,97.1,https://data.lpdaac.earthdatacloud.nasa.gov/lp-prod-protected/EMITL2BMIN.001/EMIT_L2B_MIN_001_20230204T053543_2303504_003/EMIT_L2B_MIN_001_20230204T053543_2303504_003.nc
EMIT_L2B_MIN_001_20230205T044744_2303604_001,2023-02-05T04:47:44.000Z,2023-02-05T04:47:56.000Z,1,81.6,https://data.lpdaac.earthdatacloud.nasa.gov/lp-prod-protected/EMITL2BMIN.001/EMIT_L2B_MIN_001_20230205T044744_2303604_001/EMIT_L2B_MIN_001_20230205T044744_2303604_001.nc
EMIT_L2B_MIN_001_20230215T094653_2304606_019,2023-02-15T09:46:53.000Z,2023-02-15T09:47:05.000Z,1,82.5,https://data.lpdaac.earthdatacloud.nasa.gov/lp-prod-protected/EMITL2BMIN.001/EMIT_L2B_MIN_001_20230215T094653_2304606_019/EMIT_L2B_MIN_001_20230215T094653_2304606_019.nc
EMIT_L2B_MIN_001_20230215T094729_2304606_022,2023-02-15T09:47:29.000Z,2023-02-15T09:47:41.000Z,1,89.2,https://data.lpdaac.earthdatacloud.nasa.gov/lp-prod-protected/EMITL2BMIN.001/EMIT_L2B_MIN_001_20230215T094729_2304606_022/EMIT_L2B_MIN_001_20230215T094729_2304606_022.nc
EMIT_L2B_MIN_001_20230218T085750_2304906_039,2023-02-18T08:57:50.000Z,2023-02-18T08:58:02.000Z,1,93.4,https://data.lpdaac.earthdatacloud.nasa.gov/lp-prod-protected/EMITL2BMIN.001/EMIT_L2B_MIN_001_20230218T085750_2304906_039/EMIT_L2B_MIN_001_20230218T085750_2304906_039.nc
EMIT_L2B_MIN_001_20230218T085802_2304906_040,2023-02-18T08:58:02.000Z,2023-02-18T08:58:14.000Z,1,89.2,https://data.lpdaac.earthdatacloud.nasa.gov/lp-prod-protected/EMITL2BMIN.001/EMIT_L2B_MIN_001_20230218T085802_2304906_040/EMIT_L2B_MIN_001_20230218T085802_2304906_040.nc
EMIT_L2B_MIN_001_20230218T085850_2304906_044,2023-02-18T08:58:50.000Z,2023-02-18T08:59:01.000Z,1,89.4,https://data.lpdaac.earthdatacloud.nasa.gov/lp-prod-protected/EMITL2BMIN.001/EMIT_L2B_MIN_001_20230218T085850_2304906_044/EMIT_L2B_MIN_001_20230218T085850_2304906_044.nc
EMIT_L2B_MIN_001_20230223T063454_2305404_030,2023-02-23T06:34:54.000Z,2023-02-23T06:35:06.000Z,1,83.6,https://data.lpdaac.earthdatacloud.nasa.gov/lp-prod-protected/EMITL2BMIN.001/EMIT_L2B_MIN_001_20230223T063454_2305404_030/EMIT_L2B_MIN_001_20230223T063454_2305404_030.nc
EMIT_L2B_MIN_001_20230226T054837_2305704_029,2023-02-26T05:48:37.000Z,2023-02-26T05:48:49.000Z,1,87.9,https://data.lpdaac.earthdatacloud.nasa.gov/lp-prod-protected/EMITL2BMIN.001/EMIT_L2B_MIN_001_20230226T054837_2305704_029/EMIT_L2B_MIN_001_20230226T054837_2305704_029.nc
EMIT_L2B_MIN_001_20230226T054912_2305704_032,2023-02-26T05:49:12.000Z,2023-02-26T05:49:34.000Z,1,154.2,https://data.lpdaac.earthdatacloud.nasa.gov/lp-prod-protected/EMITL2BMIN.001/EMIT_L2B_MIN_001_20230226T054912_2305704_032/EMIT_L2B_MIN_001_20230226T054912_2305704_032.nc
EMIT_L2B_MIN_001_20230327T090005_2308606_004,2023-03-27T09:00:05.000Z,2023-03-27T09:00:17.000Z,1,92.8,https://data.lpdaac.earthdatacloud.nasa.gov/lp-prod-protected/EMITL2BMIN.001/EMIT_L2B_MIN_001_20230327T090005_2308606_004/EMIT_L2B_MIN_001_20230327T090005_2308606_004.nc
EMIT_L2B_MIN_001_20230404T055015_2309404_004,2023-04-04T05:50:15.000Z,2023-04-04T05:50:27.000Z,1,98.9,https://data.lpdaac.earthdatacloud.nasa.gov/lp-prod-protected/EMITL2BMIN.001/EMIT_L2B_MIN_001_20230404T055015_2309404_004/EMIT_L2B_MIN_001_20230404T055015_2309404_004.nc
EMIT_L2B_MIN_001_20230404T055126_2309404_010,2023-04-04T05:51:26.000Z,2023-04-04T05:51:38.000Z,1,93.4,https://data.lpdaac.earthdatacloud.nasa.gov/lp-prod-protected/EMITL2BMIN.001/EMIT_L2B_MIN_001_20230404T055126_2309404_010/EMIT_L2B_MIN_001_20230404T055126_2309404_010.nc
EMIT_L2B_MIN_001_20230417T100431_2310707_041,2023-04-17T10:04:31.000Z,2023-04-17T10:04:43.000Z,1,88.8,https://data.lpdaac.earthdatacloud.nasa.gov/lp-prod-protected/EMITL2BMIN.001/EMIT_L2B_MIN_001_20230417T100431_2310707_041/EMIT_L2B_MIN_001_20230417T100431_2310707_041.nc
EMIT_L2B_MIN_001_20230425T065048_2311505_043,2023-04-25T06:50:48.000Z,2023-04-25T06:51:00.000Z,1,99.7,https://data.lpdaac.earthdatacloud.nasa.gov/lp-prod-protected/EMITL2BMIN.001/EMIT_L2B_MIN_001_20230425T065048_2311505_043/EMIT_L2B_MIN_001_20230425T065048_2311505_043.nc
EMIT_L2B_MIN_001_20230425T065100_2311505_044,2023-04-25T06:51:00.000Z,2023-04-25T06:51:19.000Z,1,160.2,https://data.lpdaac.earthdatacloud.nasa.gov/lp-prod-protected/EMITL2BMIN.001/EMIT_L2B_MIN_001_20230425T065100_2311505_044/EMIT_L2B_MIN_001_20230425T065100_2311505_044.nc
EMIT_L2B_MIN_001_20230429T051144_2311903_025,2023-04-29T05:11:44.000Z,2023-04-29T05:11:56.000Z,1,106.0,https://data.lpdaac.earthdatacloud.nasa.gov/lp-prod-protected/EMITL2BMIN.001/EMIT_L2B_MIN_001_20230429T051144_2311903_025/EMIT_L2B_MIN_001_20230429T051144_2311903_025.nc
EMIT_L2B_MIN_001_20230527T085304_2314706_009,2023-05-27T08:53:04.000Z,2023-05-27T08:53:16.000Z,1,95.7,https://data.lpdaac.earthdatacloud.nasa.gov/lp-prod-protected/EMITL2BMIN.001/EMIT_L2B_MIN_001_20230527T085304_2314706_009/EMIT_L2B_MIN_001_20230527T085304_2314706_009.nc
EMIT_L2B_MIN_001_20230531T071445_2315105_007,2023-05-31T07:14:45.000Z,2023-05-31T07:14:57.000Z,1,100.4,https://data.lpdaac.earthdatacloud.nasa.gov/lp-prod-protected/EMITL2BMIN.001/EMIT_L2B_MIN_001_20230531T071445_2315105_007/EMIT_L2B_MIN_001_20230531T071445_2315105_007.nc
EMIT_L2B_MIN_001_20230603T062601_2315405_010,2023-06-03T06:26:01.000Z,2023-06-03T06:26:13.000Z,1,103.4,https://data.lpdaac.earthdatacloud.nasa.gov/lp-prod-protected/EMITL2BMIN.001/EMIT_L2B_MIN_001_20230603T062601_2315405_010/EMIT_L2B_MIN_001_20230603T062601_2315405_010.nc
EMIT_L2B_MIN_001_20230603T062624_2315405_012,2023-06-03T06:26:24.000Z,2023-06-03T06:26:36.000Z,1,100.2,https://data.lpdaac.earthdatacloud.nasa.gov/lp-prod-protected/EMITL2BMIN.001/EMIT_L2B_MIN_001_20230603T062624_2315405_012/EMIT_L2B_MIN_001_20230603T062624_2315405_012.nc
EMIT_L2B_MIN_001_20230607T044653_2315803_006,2023-06-07T04:46:53.000Z,2023-06-07T04:47:05.000Z,1,97.6,https://data.lpdaac.earthdatacloud.nasa.gov/lp-prod-protected/EMITL2BMIN.001/EMIT_L2B_MIN_001_20230607T044653_2315803_006/EMIT_L2B_MIN_001_20230607T044653_2315803_006.nc
EMIT_L2B_MIN_001_20230607T044717_2315803_008,2023-06-07T04:47:17.000Z,2023-06-07T04:47:29.000Z,1,100.1,https://data.lpdaac.earthdatacloud.nasa.gov/lp-prod-protected/EMITL2BMIN.001/EMIT_L2B_MIN_001_20230607T044717_2315803_008/EMIT_L2B_MIN_001_20230607T044717_2315803_008.nc
EMIT_L2B_MIN_001_20230607T044753_2315803_011,2023-06-07T04:47:53.000Z,2023-06-07T04:48:04.000Z,1,95.2,https://data.lpdaac.earthdatacloud.nasa.gov/lp-prod-protected/EMITL2BMIN.001/EMIT_L2B_MIN_001_20230607T044753_2315803_011/EMIT_L2B_MIN_001_20230607T044753_2315803_011.nc
EMIT_L2B_MIN_001_20230610T035712_2316103_005,2023-06-10T03:57:12.000Z,2023-06-10T03:57:23.000Z,1,97.4,https://data.lpdaac.earthdatacloud.nasa.gov/lp-prod-protected/EMITL2BMIN.001/EMIT_L2B_MIN_001_20230610T035712_2316103_005/EMIT_L2B_MIN_001_20230610T035712_2316103_005.nc
EMIT_L2B_MIN_001_20230621T080028_2317205_039,2023-06-21T08:00:28.000Z,2023-06-21T08:00:40.000Z,1,101.5,https://data.lpdaac.earthdatacloud.nasa.gov/lp-prod-protected/EMITL2BMIN.001/EMIT_L2B_MIN_001_20230621T080028_2317205_039/EMIT_L2B_MIN_001_20230621T080028_2317205_039.nc
EMIT_L2B_MIN_001_20230806T051546_2321804_010,2023-08-06T05:15:46.000Z,2023-08-06T05:15:58.000Z,1,99.0,https://data.lpdaac.earthdatacloud.nasa.gov/lp-prod-protected/EMITL2BMIN.001/EMIT_L2B_MIN_001_20230806T051546_2321804_010/EMIT_L2B_MIN_001_20230806T051546_2321804_010.nc
EMIT_L2B_MIN_001_20230901T035252_2324403_018,2023-09-01T03:52:52.000Z,2023-09-01T03:53:03.000Z,1,90.9,https://data.lpdaac.earthdatacloud.nasa.gov/lp-prod-protected/EMITL2BMIN.001/EMIT_L2B_MIN_001_20230901T035252_2324403_018/EMIT_L2B_MIN_001_20230901T035252_2324403_018.nc
EMIT_L2B_MIN_001_20230930T065650_2327305_004,2023-09-30T06:56:50.000Z,2023-09-30T06:57:02.000Z,1,79.0,https://data.lpdaac.earthdatacloud.nasa.gov/lp-prod-protected/EMITL2BMIN.001/EMIT_L2B_MIN_001_20230930T065650_2327305_004/EMIT_L2B_MIN_001_20230930T065650_2327305_004.nc
EMIT_L2B_MIN_001_20230930T065737_2327305_008,2023-09-30T06:57:37.000Z,2023-09-30T06:57:49.000Z,1,85.8,https://data.lpdaac.earthdatacloud.nasa.gov/lp-prod-protected/EMITL2BMIN.001/EMIT_L2B_MIN_001_20230930T065737_2327305_008/EMIT_L2B_MIN_001_20230930T065737_2327305_008.nc
EMIT_L2B_MIN_001_20230930T065801_2327305_010,2023-09-30T06:58:01.000Z,2023-09-30T06:58:13.000Z,1,89.3,https://data.lpdaac.earthdatacloud.nasa.gov/lp-prod-protected/EMITL2BMIN.001/EMIT_L2B_MIN_001_20230930T065801_2327305_010/EMIT_L2B_MIN_001_20230930T065801_2327305_010.nc
EMIT_L2B_MIN_001_20231003T061016_2327604_010,2023-10-03T06:10:16.000Z,2023-10-03T06:10:28.000Z,1,90.4,https://data.lpdaac.earthdatacloud.nasa.gov/lp-prod-protected/EMITL2BMIN.001/EMIT_L2B_MIN_001_20231003T061016_2327604_010/EMIT_L2B_MIN_001_20231003T061016_2327604_010.nc
EMIT_L2B_MIN_001_20231004T052118_2327704_003,2023-10-04T05:21:18.000Z,2023-10-04T05:21:30.000Z,1,79.1,https://data.lpdaac.earthdatacloud.nasa.gov/lp-prod-protected/EMITL2BMIN.001/EMIT_L2B_MIN_001_20231004T052118_2327704_003/EMIT_L2B_MIN_001_20231004T052118_2327704_003.nc
EMIT_L2B_MIN_001_20231004T052142_2327704_005,2023-10-04T05:21:42.000Z,2023-10-04T05:21:54.000Z,1,80.7,https://data.lpdaac.earthdatacloud.nasa.gov/lp-prod-protected/EMITL2BMIN.001/EMIT_L2B_MIN_001_20231004T052142_2327704_005/EMIT_L2B_MIN_001_20231004T052142_2327704_005.nc
EMIT_L2B_MIN_001_20231004T052205_2327704_007,2023-10-04T05:22:05.000Z,2023-10-04T05:22:17.000Z,1,84.6,https://data.lpdaac.earthdatacloud.nasa.gov/lp-prod-protected/EMITL2BMIN.001/EMIT_L2B_MIN_001_20231004T052205_2327704_007/EMIT_L2B_MIN_001_20231004T052205_2327704_007.nc
EMIT_L2B_MIN_001_20231007T043350_2328003_007,2023-10-07T04:33:50.000Z,2023-10-07T04:34:02.000Z,1,91.5,https://data.lpdaac.earthdatacloud.nasa.gov/lp-prod-protected/EMITL2BMIN.001/EMIT_L2B_MIN_001_20231007T043350_2328003_007/EMIT_L2B_MIN_001_20231007T043350_2328003_007.nc
EMIT_L2B_MIN_001_20231007T043438_2328003_011,2023-10-07T04:34:38.000Z,2023-10-07T04:34:49.000Z,1,99.6,https://data.lpdaac.earthdatacloud.nasa.gov/lp-prod-protected/EMITL2BMIN.001/EMIT_L2B_MIN_001_20231007T043438_2328003_011/EMIT_L2B_MIN_001_20231007T043438_2328003_011.nc
EMIT_L2B_MIN_001_20231018T084202_2329106_040,2023-10-18T08:42:02.000Z,2023-10-18T08:42:14.000Z,1,99.5,https://data.lpdaac.earthdatacloud.nasa.gov/lp-prod-protected/EMITL2BMIN.001/EMIT_L2B_MIN_001_20231018T084202_2329106_040/EMIT_L2B_MIN_001_20231018T084202_2329106_040.nc
EMIT_L2B_MIN_001_20231025T061904_2329804_030,2023-10-25T06:19:04.000Z,2023-10-25T06:19:16.000Z,1,99.1,https://data.lpdaac.earthdatacloud.nasa.gov/lp-prod-protected/EMITL2BMIN.001/EMIT_L2B_MIN_001_20231025T061904_2329804_030/EMIT_L2B_MIN_001_20231025T061904_2329804_030.nc
EMIT_L2B_MIN_001_20231029T044355_2330203_017,2023-10-29T04:43:55.000Z,2023-10-29T04:44:07.000Z,1,85.1,https://data.lpdaac.earthdatacloud.nasa.gov/lp-prod-protected/EMITL2BMIN.001/EMIT_L2B_MIN_001_20231029T044355_2330203_017/EMIT_L2B_MIN_001_20231029T044355_2330203_017.nc
EMIT_L2B_MIN_001_20231203T061007_2333704_008,2023-12-03T06:10:07.000Z,2023-12-03T06:10:19.000Z,1,96.5,https://data.lpdaac.earthdatacloud.nasa.gov/lp-prod-protected/EMITL2BMIN.001/EMIT_L2B_MIN_001_20231203T061007_2333704_008/EMIT_L2B_MIN_001_20231203T061007_2333704_008.nc
EMIT_L2B_MIN_001_20231225T061008_2335904_003,2023-12-25T06:10:08.000Z,2023-12-25T06:10:28.000Z,1,175.7,https://data.lpdaac.earthdatacloud.nasa.gov/lp-prod-protected/EMITL2BMIN.001/EMIT_L2B_MIN_001_20231225T061008_2335904_003/EMIT_L2B_MIN_001_20231225T061008_2335904_003.nc
EMIT_L2B_MIN_001_20240430T034407_2412103_002,2024-04-30T03:44:07.000Z,2024-04-30T03:44:19.000Z,1,94.8,https://data.lpdaac.earthdatacloud.nasa.gov/lp-prod-protected/EMITL2BMIN.001/EMIT_L2B_MIN_001_20240430T034407_2412103_002/EMIT_L2B_MIN_001_20240430T034407_2412103_002.nc
EMIT_L2B_MIN_001_20240430T034443_2412103_005,2024-04-30T03:44:43.000Z,2024-04-30T03:44:55.000Z,1,95.6,https://data.lpdaac.earthdatacloud.nasa.gov/lp-prod-protected/EMITL2BMIN.001/EMIT_L2B_MIN_001_20240430T034443_2412103_005/EMIT_L2B_MIN_001_20240430T034443_2412103_005.nc
EMIT_L2B_MIN_001_20240607T033330_2415903_007,2024-06-07T03:33:30.000Z,2024-06-07T03:33:42.000Z,1,108.6,https://data.lpdaac.earthdatacloud.nasa.gov/lp-prod-protected/EMITL2BMIN.001/EMIT_L2B_MIN_001_20240607T033330_2415903_007/EMIT_L2B_MIN_001_20240607T033330_2415903_007.nc
EMIT_L2B_MIN_001_20240607T033342_2415903_008,2024-06-07T03:33:42.000Z,2024-06-07T03:33:54.000Z,1,105.7,https://data.lpdaac.earthdatacloud.nasa.gov/lp-prod-protected/EMITL2BMIN.001/EMIT_L2B_MIN_001_20240607T033342_2415903_008/EMIT_L2B_MIN_001_20240607T033342_2415903_008.nc
EMIT_L2B_MIN_001_20240610T024444_2416202_009,2024-06-10T02:44:44.000Z,2024-06-10T02:44:56.000Z,1,104.5,https://data.lpdaac.earthdatacloud.nasa.gov/lp-prod-protected/EMITL2BMIN.001/EMIT_L2B_MIN_001_20240610T024444_2416202_009/EMIT_L2B_MIN_001_20240610T024444_2416202_009.nc
EMIT_L2B_MIN_001_20240624T060546_2417604_016,2024-06-24T06:05:46.000Z,2024-06-24T06:06:06.000Z,1,174.8,https://data.lpdaac.earthdatacloud.nasa.gov/lp-prod-protected/EMITL2BMIN.001/EMIT_L2B_MIN_001_20240624T060546_2417604_016/EMIT_L2B_MIN_001_20240624T060546_2417604_016.nc
EMIT_L2B_MIN_001_20241004T042638_2427803_011,2024-10-04T04:26:38.000Z,2024-10-04T04:26:50.000Z,1,85.2,https://data.lpdaac.earthdatacloud.nasa.gov/lp-prod-protected/EMITL2BMIN.001/EMIT_L2B_MIN_001_20241004T042638_2427803_011/EMIT_L2B_MIN_001_20241004T042638_2427803_011.nc
EMIT_L2B_MIN_001_20241017T084057_2429106_015,2024-10-17T08:40:57.000Z,2024-10-17T08:41:09.000Z,1,88.8,https://data.lpdaac.earthdatacloud.nasa.gov/lp-prod-protected/EMITL2BMIN.001/EMIT_L2B_MIN_001_20241017T084057_2429106_015/EMIT_L2B_MIN_001_20241017T084057_2429106_015.nc
EMIT_L2B_MIN_001_20241203T044933_2433804_007,2024-12-03T04:49:33.000Z,2024-12-03T04:49:45.000Z,1,84.0,https://data.lpdaac.earthdatacloud.nasa.gov/lp-prod-protected/EMITL2BMIN.001/EMIT_L2B_MIN_001_20241203T044933_2433804_007/EMIT_L2B_MIN_001_20241203T044933_2433804_007.nc
EMIT_L2B_MIN_001_20250201T045800_2503204_007,2025-02-01T04:58:00.000Z,2025-02-01T04:58:12.000Z,1,80.5,https://data.lpdaac.earthdatacloud.nasa.gov/lp-prod-protected/EMITL2BMIN.001/EMIT_L2B_MIN_001_20250201T045800_2503204_007/EMIT_L2B_MIN_001_20250201T045800_2503204_007.nc
EMIT_L2B_MIN_001_20250214T090917_2504506_005,2025-02-14T09:09:17.000Z,2025-02-14T09:09:29.000Z,1,81.5,https://data.lpdaac.earthdatacloud.nasa.gov/lp-prod-protected/EMITL2BMIN.001/EMIT_L2B_MIN_001_20250214T090917_2504506_005/EMIT_L2B_MIN_001_20250214T090917_2504506_005.nc
EMIT_L2B_MIN_001_20250215T082019_2504606_001,2025-02-15T08:20:19.000Z,2025-02-15T08:20:31.000Z,1,88.5,https://data.lpdaac.earthdatacloud.nasa.gov/lp-prod-protected/EMITL2BMIN.001/EMIT_L2B_MIN_001_20250215T082019_2504606_001/EMIT_L2B_MIN_001_20250215T082019_2504606_001.nc
EMIT_L2B_MIN_001_20250403T045531_2509303_006,2025-04-03T04:55:31.000Z,2025-04-03T04:55:51.000Z,1,153.1,https://data.lpdaac.earthdatacloud.nasa.gov/lp-prod-protected/EMITL2BMIN.001/EMIT_L2B_MIN_001_20250403T045531_2509303_006/EMIT_L2B_MIN_001_20250403T045531_2509303_006.nc
EMIT_L2B_MIN_001_20250413T095821_2510306_019,2025-04-13T09:58:21.000Z,2025-04-13T09:58:33.000Z,1,101.6,https://data.lpdaac.earthdatacloud.nasa.gov/lp-prod-protected/EMITL2BMIN.001/EMIT_L2B_MIN_001_20250413T095821_2510306_019/EMIT_L2B_MIN_001_20250413T095821_2510306_019.nc
EMIT_L2B_MIN_001_20250418T073559_2510805_026,2025-04-18T07:35:59.000Z,2025-04-18T07:36:11.000Z,1,89.6,https://data.lpdaac.earthdatacloud.nasa.gov/lp-prod-protected/EMITL2BMIN.001/EMIT_L2B_MIN_001_20250418T073559_2510805_026/EMIT_L2B_MIN_001_20250418T073559_2510805_026.nc
EMIT_L2B_MIN_001_20250523T091131_2514306_002,2025-05-23T09:11:31.000Z,2025-05-23T09:11:51.000Z,1,169.5,https://data.lpdaac.earthdatacloud.nasa.gov/lp-prod-protected/EMITL2BMIN.001/EMIT_L2B_MIN_001_20250523T091131_2514306_002/EMIT_L2B_MIN_001_20250523T091131_2514306_002.nc
EMIT_L2B_MIN_001_20251203T044110_2533703_009,2025-12-03T04:41:10.000Z,2025-12-03T04:41:29.000Z,1,173.2,https://data.lpdaac.earthdatacloud.nasa.gov/lp-prod-protected/EMITL2BMIN.001/EMIT_L2B_MIN_001_20251203T044110_2533703_009/EMIT_L2B_MIN_001_20251203T044110_2533703_009.nc
EMIT_L2B_MIN_001_20260123T081039_2602305_025,2026-01-23T08:10:39.000Z,2026-01-23T08:10:51.000Z,1,89.5,https://data.lpdaac.earthdatacloud.nasa.gov/lp-prod-protected/EMITL2BMIN.001/EMIT_L2B_MIN_001_20260123T081039_2602305_025/EMIT_L2B_MIN_001_20260123T081039_2602305_025.nc
EMIT_L2B_MIN_001_20260127T064035_2602704_013,2026-01-27T06:40:35.000Z,2026-01-27T06:40:49.000Z,1,122.3,https://data.lpdaac.earthdatacloud.nasa.gov/lp-prod-protected/EMITL2BMIN.001/EMIT_L2B_MIN_001_20260127T064035_2602704_013/EMIT_L2B_MIN_001_20260127T064035_2602704_013.nc
EMIT_L2B_MIN_001_20260416T083123_2610605_048,2026-04-16T08:31:23.000Z,2026-04-16T08:31:39.000Z,1,151.8,https://data.lpdaac.earthdatacloud.nasa.gov/lp-prod-protected/EMITL2BMIN.001/EMIT_L2B_MIN_001_20260416T083123_2610605_048/EMIT_L2B_MIN_001_20260416T083123_2610605_048.nc
EMIT_L2B_MIN_001_20260417T074334_2610705_041,2026-04-17T07:43:34.000Z,2026-04-17T07:43:46.000Z,1,123.8,https://data.lpdaac.earthdatacloud.nasa.gov/lp-prod-protected/EMITL2BMIN.001/EMIT_L2B_MIN_001_20260417T074334_2610705_041/EMIT_L2B_MIN_001_20260417T074334_2610705_041.nc
EMIT_L2B_MIN_001_20260420T065847_2611004_033,2026-04-20T06:58:47.000Z,2026-04-20T06:58:59.000Z,1,112.2,https://data.lpdaac.earthdatacloud.nasa.gov/lp-prod-protected/EMITL2BMIN.001/EMIT_L2B_MIN_001_20260420T065847_2611004_033/EMIT_L2B_MIN_001_20260420T065847_2611004_033.nc
EMIT_L2B_MIN_001_20260420T065911_2611004_035,2026-04-20T06:59:11.000Z,2026-04-20T06:59:23.000Z,1,118.1,https://data.lpdaac.earthdatacloud.nasa.gov/lp-prod-protected/EMITL2BMIN.001/EMIT_L2B_MIN_001_20260420T065911_2611004_035/EMIT_L2B_MIN_001_20260420T065911_2611004_035.nc
EMIT_L2B_MIN_001_20260420T065923_2611004_036,2026-04-20T06:59:23.000Z,2026-04-20T06:59:44.000Z,1,190.4,https://data.lpdaac.earthdatacloud.nasa.gov/lp-prod-protected/EMITL2BMIN.001/EMIT_L2B_MIN_001_20260420T065923_2611004_036/EMIT_L2B_MIN_001_20260420T065923_2611004_036.nc
EMIT_L2B_MIN_001_20260424T052554_2611403_016,2026-04-24T05:25:54.000Z,2026-04-24T05:26:05.000Z,1,122.4,https://data.lpdaac.earthdatacloud.nasa.gov/lp-prod-protected/EMITL2BMIN.001/EMIT_L2B_MIN_001_20260424T052554_2611403_016/EMIT_L2B_MIN_001_20260424T052554_2611403_016.nc
EMIT_L2B_MIN_001_20260425T043859_2611503_012,2026-04-25T04:38:59.000Z,2026-04-25T04:39:19.000Z,1,176.1,https://data.lpdaac.earthdatacloud.nasa.gov/lp-prod-protected/EMITL2BMIN.001/EMIT_L2B_MIN_001_20260425T043859_2611503_012/EMIT_L2B_MIN_001_20260425T043859_2611503_012.nc
EMIT_L2B_MIN_001_20260527T070943_2614705_003,2026-05-27T07:09:43.000Z,2026-05-27T07:10:01.000Z,1,166.9,https://data.lpdaac.earthdatacloud.nasa.gov/lp-prod-protected/EMITL2BMIN.001/EMIT_L2B_MIN_001_20260527T070943_2614705_003/EMIT_L2B_MIN_001_20260527T070943_2614705_003.nc
EMIT_L2B_MIN_001_20260627T033341_2617802_004,2026-06-27T03:33:41.000Z,2026-06-27T03:33:53.000Z,1,127.2,https://data.lpdaac.earthdatacloud.nasa.gov/lp-prod-protected/EMITL2BMIN.001/EMIT_L2B_MIN_001_20260627T033341_2617802_004/EMIT_L2B_MIN_001_20260627T033341_2617802_004.nc
EMIT_L2B_MIN_001_20230201T062323_2303205_006,2023-02-01T06:23:23.000Z,2023-02-01T06:23:35.000Z,2,85.6,https://data.lpdaac.earthdatacloud.nasa.gov/lp-prod-protected/EMITL2BMIN.001/EMIT_L2B_MIN_001_20230201T062323_2303205_006/EMIT_L2B_MIN_001_20230201T062323_2303205_006.nc
EMIT_L2B_MIN_001_20230204T053519_2303504_001,2023-02-04T05:35:19.000Z,2023-02-04T05:35:31.000Z,2,92.1,https://data.lpdaac.earthdatacloud.nasa.gov/lp-prod-protected/EMITL2BMIN.001/EMIT_L2B_MIN_001_20230204T053519_2303504_001/EMIT_L2B_MIN_001_20230204T053519_2303504_001.nc
EMIT_L2B_MIN_001_20230215T094741_2304606_023,2023-02-15T09:47:41.000Z,2023-02-15T09:47:53.000Z,2,84.8,https://data.lpdaac.earthdatacloud.nasa.gov/lp-prod-protected/EMITL2BMIN.001/EMIT_L2B_MIN_001_20230215T094741_2304606_023/EMIT_L2B_MIN_001_20230215T094741_2304606_023.nc
EMIT_L2B_MIN_001_20230218T085739_2304906_038,2023-02-18T08:57:39.000Z,2023-02-18T08:57:50.000Z,2,97.0,https://data.lpdaac.earthdatacloud.nasa.gov/lp-prod-protected/EMITL2BMIN.001/EMIT_L2B_MIN_001_20230218T085739_2304906_038/EMIT_L2B_MIN_001_20230218T085739_2304906_038.nc
EMIT_L2B_MIN_001_20230223T063506_2305404_031,2023-02-23T06:35:06.000Z,2023-02-23T06:35:17.000Z,2,77.2,https://data.lpdaac.earthdatacloud.nasa.gov/lp-prod-protected/EMITL2BMIN.001/EMIT_L2B_MIN_001_20230223T063506_2305404_031/EMIT_L2B_MIN_001_20230223T063506_2305404_031.nc
EMIT_L2B_MIN_001_20230302T041400_2306103_009,2023-03-02T04:14:00.000Z,2023-03-02T04:14:12.000Z,2,90.2,https://data.lpdaac.earthdatacloud.nasa.gov/lp-prod-protected/EMITL2BMIN.001/EMIT_L2B_MIN_001_20230302T041400_2306103_009/EMIT_L2B_MIN_001_20230302T041400_2306103_009.nc
EMIT_L2B_MIN_001_20230327T085953_2308606_003,2023-03-27T08:59:53.000Z,2023-03-27T09:00:05.000Z,2,86.3,https://data.lpdaac.earthdatacloud.nasa.gov/lp-prod-protected/EMITL2BMIN.001/EMIT_L2B_MIN_001_20230327T085953_2308606_003/EMIT_L2B_MIN_001_20230327T085953_2308606_003.nc
EMIT_L2B_MIN_001_20230408T041508_2309803_003,2023-04-08T04:15:08.000Z,2023-04-08T04:15:20.000Z,2,102.2,https://data.lpdaac.earthdatacloud.nasa.gov/lp-prod-protected/EMITL2BMIN.001/EMIT_L2B_MIN_001_20230408T041508_2309803_003/EMIT_L2B_MIN_001_20230408T041508_2309803_003.nc
EMIT_L2B_MIN_001_20230417T100443_2310707_042,2023-04-17T10:04:43.000Z,2023-04-17T10:04:55.000Z,2,89.1,https://data.lpdaac.earthdatacloud.nasa.gov/lp-prod-protected/EMITL2BMIN.001/EMIT_L2B_MIN_001_20230417T100443_2310707_042/EMIT_L2B_MIN_001_20230417T100443_2310707_042.nc
EMIT_L2B_MIN_001_20230417T100455_2310707_043,2023-04-17T10:04:55.000Z,2023-04-17T10:05:07.000Z,2,88.9,https://data.lpdaac.earthdatacloud.nasa.gov/lp-prod-protected/EMITL2BMIN.001/EMIT_L2B_MIN_001_20230417T100455_2310707_043/EMIT_L2B_MIN_001_20230417T100455_2310707_043.nc
EMIT_L2B_MIN_001_20230425T065036_2311505_042,2023-04-25T06:50:36.000Z,2023-04-25T06:50:48.000Z,2,92.4,https://data.lpdaac.earthdatacloud.nasa.gov/lp-prod-protected/EMITL2BMIN.001/EMIT_L2B_MIN_001_20230425T065036_2311505_042/EMIT_L2B_MIN_001_20230425T065036_2311505_042.nc
EMIT_L2B_MIN_001_20230527T085328_2314706_011,2023-05-27T08:53:28.000Z,2023-05-27T08:53:40.000Z,2,97.6,https://data.lpdaac.earthdatacloud.nasa.gov/lp-prod-protected/EMITL2BMIN.001/EMIT_L2B_MIN_001_20230527T085328_2314706_011/EMIT_L2B_MIN_001_20230527T085328_2314706_011.nc
EMIT_L2B_MIN_001_20230625T062243_2317604_037,2023-06-25T06:22:43.000Z,2023-06-25T06:22:55.000Z,2,99.5,https://data.lpdaac.earthdatacloud.nasa.gov/lp-prod-protected/EMITL2BMIN.001/EMIT_L2B_MIN_001_20230625T062243_2317604_037/EMIT_L2B_MIN_001_20230625T062243_2317604_037.nc
EMIT_L2B_MIN_001_20230902T030406_2324502_004,2023-09-02T03:04:06.000Z,2023-09-02T03:04:18.000Z,2,89.9,https://data.lpdaac.earthdatacloud.nasa.gov/lp-prod-protected/EMITL2BMIN.001/EMIT_L2B_MIN_001_20230902T030406_2324502_004/EMIT_L2B_MIN_001_20230902T030406_2324502_004.nc
EMIT_L2B_MIN_001_20230902T030418_2324502_005,2023-09-02T03:04:18.000Z,2023-09-02T03:04:30.000Z,2,91.6,https://data.lpdaac.earthdatacloud.nasa.gov/lp-prod-protected/EMITL2BMIN.001/EMIT_L2B_MIN_001_20230902T030418_2324502_005/EMIT_L2B_MIN_001_20230902T030418_2324502_005.nc
EMIT_L2B_MIN_001_20231004T052154_2327704_006,2023-10-04T05:21:54.000Z,2023-10-04T05:22:05.000Z,2,80.9,https://data.lpdaac.earthdatacloud.nasa.gov/lp-prod-protected/EMITL2BMIN.001/EMIT_L2B_MIN_001_20231004T052154_2327704_006/EMIT_L2B_MIN_001_20231004T052154_2327704_006.nc
EMIT_L2B_MIN_001_20231018T084150_2329106_039,2023-10-18T08:41:50.000Z,2023-10-18T08:42:02.000Z,2,98.2,https://data.lpdaac.earthdatacloud.nasa.gov/lp-prod-protected/EMITL2BMIN.001/EMIT_L2B_MIN_001_20231018T084150_2329106_039/EMIT_L2B_MIN_001_20231018T084150_2329106_039.nc
EMIT_L2B_MIN_001_20231025T061951_2329804_034,2023-10-25T06:19:51.000Z,2023-10-25T06:20:03.000Z,2,88.9,https://data.lpdaac.earthdatacloud.nasa.gov/lp-prod-protected/EMITL2BMIN.001/EMIT_L2B_MIN_001_20231025T061951_2329804_034/EMIT_L2B_MIN_001_20231025T061951_2329804_034.nc
EMIT_L2B_MIN_001_20231026T053106_2329904_021,2023-10-26T05:31:06.000Z,2023-10-26T05:31:18.000Z,2,86.6,https://data.lpdaac.earthdatacloud.nasa.gov/lp-prod-protected/EMITL2BMIN.001/EMIT_L2B_MIN_001_20231026T053106_2329904_021/EMIT_L2B_MIN_001_20231026T053106_2329904_021.nc
EMIT_L2B_MIN_001_20240423T061407_2411404_016,2024-04-23T06:14:07.000Z,2024-04-23T06:14:19.000Z,2,91.1,https://data.lpdaac.earthdatacloud.nasa.gov/lp-prod-protected/EMITL2BMIN.001/EMIT_L2B_MIN_001_20240423T061407_2411404_016/EMIT_L2B_MIN_001_20240423T061407_2411404_016.nc
EMIT_L2B_MIN_001_20240426T052237_2411704_002,2024-04-26T05:22:37.000Z,2024-04-26T05:22:49.000Z,2,104.8,https://data.lpdaac.earthdatacloud.nasa.gov/lp-prod-protected/EMITL2BMIN.001/EMIT_L2B_MIN_001_20240426T052237_2411704_002/EMIT_L2B_MIN_001_20240426T052237_2411704_002.nc
EMIT_L2B_MIN_001_20240929T065131_2427305_002,2024-09-29T06:51:31.000Z,2024-09-29T06:51:51.000Z,2,162.3,https://data.lpdaac.earthdatacloud.nasa.gov/lp-prod-protected/EMITL2BMIN.001/EMIT_L2B_MIN_001_20240929T065131_2427305_002/EMIT_L2B_MIN_001_20240929T065131_2427305_002.nc
EMIT_L2B_MIN_001_20241003T051509_2427704_001,2024-10-03T05:15:09.000Z,2024-10-03T05:15:21.000Z,2,88.6,https://data.lpdaac.earthdatacloud.nasa.gov/lp-prod-protected/EMITL2BMIN.001/EMIT_L2B_MIN_001_20241003T051509_2427704_001/EMIT_L2B_MIN_001_20241003T051509_2427704_001.nc
EMIT_L2B_MIN_001_20241203T044921_2433804_006,2024-12-03T04:49:21.000Z,2024-12-03T04:49:33.000Z,2,89.2,https://data.lpdaac.earthdatacloud.nasa.gov/lp-prod-protected/EMITL2BMIN.001/EMIT_L2B_MIN_001_20241203T044921_2433804_006/EMIT_L2B_MIN_001_20241203T044921_2433804_006.nc
EMIT_L2B_MIN_001_20250124T081605_2502406_004,2025-01-24T08:16:05.000Z,2025-01-24T08:16:21.000Z,2,116.4,https://data.lpdaac.earthdatacloud.nasa.gov/lp-prod-protected/EMITL2BMIN.001/EMIT_L2B_MIN_001_20250124T081605_2502406_004/EMIT_L2B_MIN_001_20250124T081605_2502406_004.nc
EMIT_L2B_MIN_001_20250128T063710_2502805_007,2025-01-28T06:37:10.000Z,2025-01-28T06:37:22.000Z,2,82.7,https://data.lpdaac.earthdatacloud.nasa.gov/lp-prod-protected/EMITL2BMIN.001/EMIT_L2B_MIN_001_20250128T063710_2502805_007/EMIT_L2B_MIN_001_20250128T063710_2502805_007.nc
EMIT_L2B_MIN_001_20250201T045824_2503204_009,2025-02-01T04:58:24.000Z,2025-02-01T04:58:36.000Z,2,83.6,https://data.lpdaac.earthdatacloud.nasa.gov/lp-prod-protected/EMITL2BMIN.001/EMIT_L2B_MIN_001_20250201T045824_2503204_009/EMIT_L2B_MIN_001_20250201T045824_2503204_009.nc
EMIT_L2B_MIN_001_20250214T090940_2504506_007,2025-02-14T09:09:40.000Z,2025-02-14T09:10:01.000Z,2,152.5,https://data.lpdaac.earthdatacloud.nasa.gov/lp-prod-protected/EMITL2BMIN.001/EMIT_L2B_MIN_001_20250214T090940_2504506_007/EMIT_L2B_MIN_001_20250214T090940_2504506_007.nc
EMIT_L2B_MIN_001_20250330T063101_2508904_002,2025-03-30T06:31:01.000Z,2025-03-30T06:31:21.000Z,2,151.3,https://data.lpdaac.earthdatacloud.nasa.gov/lp-prod-protected/EMITL2BMIN.001/EMIT_L2B_MIN_001_20250330T063101_2508904_002/EMIT_L2B_MIN_001_20250330T063101_2508904_002.nc
EMIT_L2B_MIN_001_20260128T055354_2602803_011,2026-01-28T05:53:54.000Z,2026-01-28T05:54:05.000Z,2,85.2,https://data.lpdaac.earthdatacloud.nasa.gov/lp-prod-protected/EMITL2BMIN.001/EMIT_L2B_MIN_001_20260128T055354_2602803_011/EMIT_L2B_MIN_001_20260128T055354_2602803_011.nc
EMIT_L2B_MIN_001_20260216T071941_2604705_013,2026-02-16T07:19:41.000Z,2026-02-16T07:19:53.000Z,2,81.2,https://data.lpdaac.earthdatacloud.nasa.gov/lp-prod-protected/EMITL2BMIN.001/EMIT_L2B_MIN_001_20260216T071941_2604705_013/EMIT_L2B_MIN_001_20260216T071941_2604705_013.nc
EMIT_L2B_MIN_001_20260402T045423_2609203_007,2026-04-02T04:54:23.000Z,2026-04-02T04:54:35.000Z,2,118.0,https://data.lpdaac.earthdatacloud.nasa.gov/lp-prod-protected/EMITL2BMIN.001/EMIT_L2B_MIN_001_20260402T045423_2609203_007/EMIT_L2B_MIN_001_20260402T045423_2609203_007.nc
EMIT_L2B_MIN_001_20260413T091530_2610306_048,2026-04-13T09:15:30.000Z,2026-04-13T09:15:42.000Z,2,117.3,https://data.lpdaac.earthdatacloud.nasa.gov/lp-prod-protected/EMITL2BMIN.001/EMIT_L2B_MIN_001_20260413T091530_2610306_048/EMIT_L2B_MIN_001_20260413T091530_2610306_048.nc
EMIT_L2B_MIN_001_20260424T052629_2611403_019,2026-04-24T05:26:29.000Z,2026-04-24T05:26:41.000Z,2,119.4,https://data.lpdaac.earthdatacloud.nasa.gov/lp-prod-protected/EMITL2BMIN.001/EMIT_L2B_MIN_001_20260424T052629_2611403_019/EMIT_L2B_MIN_001_20260424T052629_2611403_019.nc
EMIT_L2B_MIN_001_20260424T052641_2611403_020,2026-04-24T05:26:41.000Z,2026-04-24T05:26:53.000Z,2,111.2,https://data.lpdaac.earthdatacloud.nasa.gov/lp-prod-protected/EMITL2BMIN.001/EMIT_L2B_MIN_001_20260424T052641_2611403_020/EMIT_L2B_MIN_001_20260424T052641_2611403_020.nc
EMIT_L2B_MIN_001_20260519T101800_2613907_015,2026-05-19T10:18:00.000Z,2026-05-19T10:18:12.000Z,2,117.8,https://data.lpdaac.earthdatacloud.nasa.gov/lp-prod-protected/EMITL2BMIN.001/EMIT_L2B_MIN_001_20260519T101800_2613907_015/EMIT_L2B_MIN_001_20260519T101800_2613907_015.nc
EMIT_L2B_MIN_001_20260619T064156_2617004_042,2026-06-19T06:41:56.000Z,2026-06-19T06:42:08.000Z,2,134.9,https://data.lpdaac.earthdatacloud.nasa.gov/lp-prod-protected/EMITL2BMIN.001/EMIT_L2B_MIN_001_20260619T064156_2617004_042/EMIT_L2B_MIN_001_20260619T064156_2617004_042.nc
EMIT_L2B_MIN_001_20220831T043458_2224303_009,2022-08-31T04:34:58.000Z,2022-08-31T04:35:10.000Z,3,79.4,https://data.lpdaac.earthdatacloud.nasa.gov/lp-prod-protected/EMITL2BMIN.001/EMIT_L2B_MIN_001_20220831T043458_2224303_009/EMIT_L2B_MIN_001_20220831T043458_2224303_009.nc
EMIT_L2B_MIN_001_20230128T080159_2302806_009,2023-01-28T08:01:59.000Z,2023-01-28T08:02:11.000Z,3,78.1,https://data.lpdaac.earthdatacloud.nasa.gov/lp-prod-protected/EMITL2BMIN.001/EMIT_L2B_MIN_001_20230128T080159_2302806_009/EMIT_L2B_MIN_001_20230128T080159_2302806_009.nc
EMIT_L2B_MIN_001_20230201T062359_2303205_009,2023-02-01T06:23:59.000Z,2023-02-01T06:24:11.000Z,3,82.3,https://data.lpdaac.earthdatacloud.nasa.gov/lp-prod-protected/EMITL2BMIN.001/EMIT_L2B_MIN_001_20230201T062359_2303205_009/EMIT_L2B_MIN_001_20230201T062359_2303205_009.nc
EMIT_L2B_MIN_001_20230201T062434_2303205_012,2023-02-01T06:24:34.000Z,2023-02-01T06:24:51.000Z,3,111.5,https://data.lpdaac.earthdatacloud.nasa.gov/lp-prod-protected/EMITL2BMIN.001/EMIT_L2B_MIN_001_20230201T062434_2303205_012/EMIT_L2B_MIN_001_20230201T062434_2303205_012.nc
EMIT_L2B_MIN_001_20230214T103544_2304507_038,2023-02-14T10:35:44.000Z,2023-02-14T10:35:56.000Z,3,83.9,https://data.lpdaac.earthdatacloud.nasa.gov/lp-prod-protected/EMITL2BMIN.001/EMIT_L2B_MIN_001_20230214T103544_2304507_038/EMIT_L2B_MINUNCERT_001_20230214T103544_2304507_038.nc
EMIT_L2B_MIN_001_20230214T103556_2304507_039,2023-02-14T10:35:56.000Z,2023-02-14T10:36:08.000Z,3,86.0,https://data.lpdaac.earthdatacloud.nasa.gov/lp-prod-protected/EMITL2BMIN.001/EMIT_L2B_MIN_001_20230214T103556_2304507_039/EMIT_L2B_MIN_001_20230214T103556_2304507_039.nc
EMIT_L2B_MIN_001_20230215T094630_2304606_017,2023-02-15T09:46:30.000Z,2023-02-15T09:46:42.000Z,3,95.2,https://data.lpdaac.earthdatacloud.nasa.gov/lp-prod-protected/EMITL2BMIN.001/EMIT_L2B_MIN_001_20230215T094630_2304606_017/EMIT_L2B_MIN_001_20230215T094630_2304606_017.nc
EMIT_L2B_MIN_001_20230215T094717_2304606_021,2023-02-15T09:47:17.000Z,2023-02-15T09:47:29.000Z,3,80.4,https://data.lpdaac.earthdatacloud.nasa.gov/lp-prod-protected/EMITL2BMIN.001/EMIT_L2B_MIN_001_20230215T094717_2304606_021/EMIT_L2B_MIN_001_20230215T094717_2304606_021.nc
EMIT_L2B_MIN_001_20230218T085838_2304906_043,2023-02-18T08:58:38.000Z,2023-02-18T08:58:50.000Z,3,87.2,https://data.lpdaac.earthdatacloud.nasa.gov/lp-prod-protected/EMITL2BMIN.001/EMIT_L2B_MIN_001_20230218T085838_2304906_043/EMIT_L2B_MIN_001_20230218T085838_2304906_043.nc
EMIT_L2B_MIN_001_20230219T080936_2305005_038,2023-02-19T08:09:36.000Z,2023-02-19T08:09:47.000Z,3,78.9,https://data.lpdaac.earthdatacloud.nasa.gov/lp-prod-protected/EMITL2BMIN.001/EMIT_L2B_MIN_001_20230219T080936_2305005_038/EMIT_L2B_MIN_001_20230219T080936_2305005_038.nc
EMIT_L2B_MIN_001_20230226T054901_2305704_031,2023-02-26T05:49:01.000Z,2023-02-26T05:49:12.000Z,3,85.9,https://data.lpdaac.earthdatacloud.nasa.gov/lp-prod-protected/EMITL2BMIN.001/EMIT_L2B_MIN_001_20230226T054901_2305704_031/EMIT_L2B_MIN_001_20230226T054901_2305704_031.nc
EMIT_L2B_MIN_001_20230302T041348_2306103_008,2023-03-02T04:13:48.000Z,2023-03-02T04:14:00.000Z,3,100.2,https://data.lpdaac.earthdatacloud.nasa.gov/lp-prod-protected/EMITL2BMIN.001/EMIT_L2B_MIN_001_20230302T041348_2306103_008/EMIT_L2B_MIN_001_20230302T041348_2306103_008.nc
EMIT_L2B_MIN_001_20230426T060118_2311604_028,2023-04-26T06:01:18.000Z,2023-04-26T06:01:30.000Z,3,96.5,https://data.lpdaac.earthdatacloud.nasa.gov/lp-prod-protected/EMITL2BMIN.001/EMIT_L2B_MIN_001_20230426T060118_2311604_028/EMIT_L2B_MIN_001_20230426T060118_2311604_028.nc
EMIT_L2B_MIN_001_20230526T094153_2314607_011,2023-05-26T09:41:53.000Z,2023-05-26T09:42:05.000Z,3,104.3,https://data.lpdaac.earthdatacloud.nasa.gov/lp-prod-protected/EMITL2BMIN.001/EMIT_L2B_MIN_001_20230526T094153_2314607_011/EMIT_L2B_MIN_001_20230526T094153_2314607_011.nc
EMIT_L2B_MIN_001_20230527T085316_2314706_010,2023-05-27T08:53:16.000Z,2023-05-27T08:53:28.000Z,3,95.7,https://data.lpdaac.earthdatacloud.nasa.gov/lp-prod-protected/EMITL2BMIN.001/EMIT_L2B_MIN_001_20230527T085316_2314706_010/EMIT_L2B_MINUNCERT_001_20230527T085316_2314706_010.nc
EMIT_L2B_MIN_001_20230607T044741_2315803_010,2023-06-07T04:47:41.000Z,2023-06-07T04:47:53.000Z,3,99.3,https://data.lpdaac.earthdatacloud.nasa.gov/lp-prod-protected/EMITL2BMIN.001/EMIT_L2B_MIN_001_20230607T044741_2315803_010/EMIT_L2B_MIN_001_20230607T044741_2315803_010.nc
EMIT_L2B_MIN_001_20231003T061051_2327604_013,2023-10-03T06:10:51.000Z,2023-10-03T06:11:03.000Z,3,80.9,https://data.lpdaac.earthdatacloud.nasa.gov/lp-prod-protected/EMITL2BMIN.001/EMIT_L2B_MIN_001_20231003T061051_2327604_013/EMIT_L2B_MIN_001_20231003T061051_2327604_013.nc
EMIT_L2B_MIN_001_20231004T052130_2327704_004,2023-10-04T05:21:30.000Z,2023-10-04T05:21:42.000Z,3,83.5,https://data.lpdaac.earthdatacloud.nasa.gov/lp-prod-protected/EMITL2BMIN.001/EMIT_L2B_MIN_001_20231004T052130_2327704_004/EMIT_L2B_MIN_001_20231004T052130_2327704_004.nc
EMIT_L2B_MIN_001_20231004T052229_2327704_009,2023-10-04T05:22:29.000Z,2023-10-04T05:22:46.000Z,3,125.5,https://data.lpdaac.earthdatacloud.nasa.gov/lp-prod-protected/EMITL2BMIN.001/EMIT_L2B_MIN_001_20231004T052229_2327704_009/EMIT_L2B_MIN_001_20231004T052229_2327704_009.nc
EMIT_L2B_MIN_001_20231007T043426_2328003_010,2023-10-07T04:34:26.000Z,2023-10-07T04:34:38.000Z,3,93.1,https://data.lpdaac.earthdatacloud.nasa.gov/lp-prod-protected/EMITL2BMIN.001/EMIT_L2B_MIN_001_20231007T043426_2328003_010/EMIT_L2B_MIN_001_20231007T043426_2328003_010.nc
EMIT_L2B_MIN_001_20231030T035556_2330303_007,2023-10-30T03:55:56.000Z,2023-10-30T03:56:19.000Z,3,182.3,https://data.lpdaac.earthdatacloud.nasa.gov/lp-prod-protected/EMITL2BMIN.001/EMIT_L2B_MIN_001_20231030T035556_2330303_007/EMIT_L2B_MIN_001_20231030T035556_2330303_007.nc
EMIT_L2B_MIN_001_20240426T052249_2411704_003,2024-04-26T05:22:49.000Z,2024-04-26T05:23:01.000Z,3,105.7,https://data.lpdaac.earthdatacloud.nasa.gov/lp-prod-protected/EMITL2BMIN.001/EMIT_L2B_MIN_001_20240426T052249_2411704_003/EMIT_L2B_MIN_001_20240426T052249_2411704_003.nc
EMIT_L2B_MIN_001_20240519T110632_2414008_005,2024-05-19T11:06:32.000Z,2024-05-19T11:06:43.000Z,3,94.8,https://data.lpdaac.earthdatacloud.nasa.gov/lp-prod-protected/EMITL2BMIN.001/EMIT_L2B_MIN_001_20240519T110632_2414008_005/EMIT_L2B_MIN_001_20240519T110632_2414008_005.nc
EMIT_L2B_MIN_001_20250128T063810_2502805_012,2025-01-28T06:38:10.000Z,2025-01-28T06:38:26.000Z,3,118.4,https://data.lpdaac.earthdatacloud.nasa.gov/lp-prod-protected/EMITL2BMIN.001/EMIT_L2B_MIN_001_20250128T063810_2502805_012/EMIT_L2B_MIN_001_20250128T063810_2502805_012.nc
EMIT_L2B_MIN_001_20250201T045737_2503204_005,2025-02-01T04:57:37.000Z,2025-02-01T04:57:48.000Z,3,84.2,https://data.lpdaac.earthdatacloud.nasa.gov/lp-prod-protected/EMITL2BMIN.001/EMIT_L2B_MIN_001_20250201T045737_2503204_005/EMIT_L2B_MIN_001_20250201T045737_2503204_005.nc
EMIT_L2B_MIN_001_20250214T090905_2504506_004,2025-02-14T09:09:05.000Z,2025-02-14T09:09:17.000Z,3,83.9,https://data.lpdaac.earthdatacloud.nasa.gov/lp-prod-protected/EMITL2BMIN.001/EMIT_L2B_MIN_001_20250214T090905_2504506_004/EMIT_L2B_MIN_001_20250214T090905_2504506_004.nc
EMIT_L2B_MIN_001_20250214T090929_2504506_006,2025-02-14T09:09:29.000Z,2025-02-14T09:09:40.000Z,3,82.9,https://data.lpdaac.earthdatacloud.nasa.gov/lp-prod-protected/EMITL2BMIN.001/EMIT_L2B_MIN_001_20250214T090929_2504506_006/EMIT_L2B_MIN_001_20250214T090929_2504506_006.nc
EMIT_L2B_MIN_001_20250215T082031_2504606_002,2025-02-15T08:20:31.000Z,2025-02-15T08:20:51.000Z,3,143.1,https://data.lpdaac.earthdatacloud.nasa.gov/lp-prod-protected/EMITL2BMIN.001/EMIT_L2B_MIN_001_20250215T082031_2504606_002/EMIT_L2B_MIN_001_20250215T082031_2504606_002.nc
EMIT_L2B_MIN_001_20250502T025217_2512202_002,2025-05-02T02:52:17.000Z,2025-05-02T02:52:29.000Z,3,99.1,https://data.lpdaac.earthdatacloud.nasa.gov/lp-prod-protected/EMITL2BMIN.001/EMIT_L2B_MIN_001_20250502T025217_2512202_002/EMIT_L2B_MIN_001_20250502T025217_2512202_002.nc
EMIT_L2B_MIN_001_20250502T025229_2512202_003,2025-05-02T02:52:29.000Z,2025-05-02T02:52:49.000Z,3,154.0,https://data.lpdaac.earthdatacloud.nasa.gov/lp-prod-protected/EMITL2BMIN.001/EMIT_L2B_MIN_001_20250502T025229_2512202_003/EMIT_L2B_MIN_001_20250502T025229_2512202_003.nc
EMIT_L2B_MIN_001_20251129T061504_2533304_006,2025-11-29T06:15:04.000Z,2025-11-29T06:15:24.000Z,3,181.5,https://data.lpdaac.earthdatacloud.nasa.gov/lp-prod-protected/EMITL2BMIN.001/EMIT_L2B_MIN_001_20251129T061504_2533304_006/EMIT_L2B_MIN_001_20251129T061504_2533304_006.nc
EMIT_L2B_MIN_001_20260216T071930_2604705_012,2026-02-16T07:19:30.000Z,2026-02-16T07:19:41.000Z,3,80.7,https://data.lpdaac.earthdatacloud.nasa.gov/lp-prod-protected/EMITL2BMIN.001/EMIT_L2B_MIN_001_20260216T071930_2604705_012/EMIT_L2B_MIN_001_20260216T071930_2604705_012.nc
EMIT_L2B_MIN_001_20260420T065859_2611004_034,2026-04-20T06:58:59.000Z,2026-04-20T06:59:11.000Z,3,119.0,https://data.lpdaac.earthdatacloud.nasa.gov/lp-prod-protected/EMITL2BMIN.001/EMIT_L2B_MIN_001_20260420T065859_2611004_034/EMIT_L2B_MIN_001_20260420T065859_2611004_034.nc
EMIT_L2B_MIN_001_20260424T052617_2611403_018,2026-04-24T05:26:17.000Z,2026-04-24T05:26:29.000Z,3,112.4,https://data.lpdaac.earthdatacloud.nasa.gov/lp-prod-protected/EMITL2BMIN.001/EMIT_L2B_MIN_001_20260424T052617_2611403_018/EMIT_L2B_MIN_001_20260424T052617_2611403_018.nc
EMIT_L2B_MIN_001_20260519T101824_2613907_017,2026-05-19T10:18:24.000Z,2026-05-19T10:18:36.000Z,3,124.1,https://data.lpdaac.earthdatacloud.nasa.gov/lp-prod-protected/EMITL2BMIN.001/EMIT_L2B_MIN_001_20260519T101824_2613907_017/EMIT_L2B_MIN_001_20260519T101824_2613907_017.nc
EMIT_L2B_MIN_001_20260527T070931_2614705_002,2026-05-27T07:09:31.000Z,2026-05-27T07:09:43.000Z,3,117.0,https://data.lpdaac.earthdatacloud.nasa.gov/lp-prod-protected/EMITL2BMIN.001/EMIT_L2B_MIN_001_20260527T070931_2614705_002/EMIT_L2B_MIN_001_20260527T070931_2614705_002.nc
EMIT_L2B_MIN_001_20260531T053619_2615104_002,2026-05-31T05:36:19.000Z,2026-05-31T05:36:31.000Z,3,130.1,https://data.lpdaac.earthdatacloud.nasa.gov/lp-prod-protected/EMITL2BMIN.001/EMIT_L2B_MIN_001_20260531T053619_2615104_002/EMIT_L2B_MIN_001_20260531T053619_2615104_002.nc
EMIT_L2B_MIN_001_20230214T103533_2304507_037,2023-02-14T10:35:33.000Z,2023-02-14T10:35:44.000Z,4,84.0,https://data.lpdaac.earthdatacloud.nasa.gov/lp-prod-protected/EMITL2BMIN.001/EMIT_L2B_MIN_001_20230214T103533_2304507_037/EMIT_L2B_MIN_001_20230214T103533_2304507_037.nc
EMIT_L2B_MIN_001_20230218T085826_2304906_042,2023-02-18T08:58:26.000Z,2023-02-18T08:58:38.000Z,4,86.9,https://data.lpdaac.earthdatacloud.nasa.gov/lp-prod-protected/EMITL2BMIN.001/EMIT_L2B_MIN_001_20230218T085826_2304906_042/EMIT_L2B_MIN_001_20230218T085826_2304906_042.nc
EMIT_L2B_MIN_001_20230331T072425_2309005_004,2023-03-31T07:24:25.000Z,2023-03-31T07:24:37.000Z,4,100.5,https://data.lpdaac.earthdatacloud.nasa.gov/lp-prod-protected/EMITL2BMIN.001/EMIT_L2B_MIN_001_20230331T072425_2309005_004/EMIT_L2B_MIN_001_20230331T072425_2309005_004.nc
EMIT_L2B_MIN_001_20230422T073845_2311205_038,2023-04-22T07:38:45.000Z,2023-04-22T07:38:57.000Z,4,101.6,https://data.lpdaac.earthdatacloud.nasa.gov/lp-prod-protected/EMITL2BMIN.001/EMIT_L2B_MIN_001_20230422T073845_2311205_038/EMIT_L2B_MIN_001_20230422T073845_2311205_038.nc
EMIT_L2B_MIN_001_20230429T051208_2311903_027,2023-04-29T05:12:08.000Z,2023-04-29T05:12:20.000Z,4,103.2,https://data.lpdaac.earthdatacloud.nasa.gov/lp-prod-protected/EMITL2BMIN.001/EMIT_L2B_MIN_001_20230429T051208_2311903_027/EMIT_L2B_MIN_001_20230429T051208_2311903_027.nc
EMIT_L2B_MIN_001_20230610T035700_2316103_004,2023-06-10T03:57:00.000Z,2023-06-10T03:57:12.000Z,4,100.0,https://data.lpdaac.earthdatacloud.nasa.gov/lp-prod-protected/EMITL2BMIN.001/EMIT_L2B_MIN_001_20230610T035700_2316103_004/EMIT_L2B_MIN_001_20230610T035700_2316103_004.nc
EMIT_L2B_MIN_001_20230806T051522_2321804_008,2023-08-06T05:15:22.000Z,2023-08-06T05:15:34.000Z,4,99.1,https://data.lpdaac.earthdatacloud.nasa.gov/lp-prod-protected/EMITL2BMIN.001/EMIT_L2B_MIN_001_20230806T051522_2321804_008/EMIT_L2B_MIN_001_20230806T051522_2321804_008.nc
EMIT_L2B_MIN_001_20230902T030441_2324502_007,2023-09-02T03:04:41.000Z,2023-09-02T03:04:53.000Z,4,79.9,https://data.lpdaac.earthdatacloud.nasa.gov/lp-prod-protected/EMITL2BMIN.001/EMIT_L2B_MIN_001_20230902T030441_2324502_007/EMIT_L2B_MIN_001_20230902T030441_2324502_007.nc
EMIT_L2B_MIN_001_20230930T065713_2327305_006,2023-09-30T06:57:13.000Z,2023-09-30T06:57:25.000Z,4,83.7,https://data.lpdaac.earthdatacloud.nasa.gov/lp-prod-protected/EMITL2BMIN.001/EMIT_L2B_MIN_001_20230930T065713_2327305_006/EMIT_L2B_MIN_001_20230930T065713_2327305_006.nc
EMIT_L2B_MIN_001_20231007T043402_2328003_008,2023-10-07T04:34:02.000Z,2023-10-07T04:34:14.000Z,4,95.6,https://data.lpdaac.earthdatacloud.nasa.gov/lp-prod-protected/EMITL2BMIN.001/EMIT_L2B_MIN_001_20231007T043402_2328003_008/EMIT_L2B_MIN_001_20231007T043402_2328003_008.nc
EMIT_L2B_MIN_001_20231022T070657_2329505_030,2023-10-22T07:06:57.000Z,2023-10-22T07:07:08.000Z,4,96.3,https://data.lpdaac.earthdatacloud.nasa.gov/lp-prod-protected/EMITL2BMIN.001/EMIT_L2B_MIN_001_20231022T070657_2329505_030/EMIT_L2B_MIN_001_20231022T070657_2329505_030.nc
EMIT_L2B_MIN_001_20231025T062015_2329804_036,2023-10-25T06:20:15.000Z,2023-10-25T06:20:27.000Z,4,89.8,https://data.lpdaac.earthdatacloud.nasa.gov/lp-prod-protected/EMITL2BMIN.001/EMIT_L2B_MIN_001_20231025T062015_2329804_036/EMIT_L2B_MIN_001_20231025T062015_2329804_036.nc
EMIT_L2B_MIN_001_20231026T053142_2329904_024,2023-10-26T05:31:42.000Z,2023-10-26T05:31:53.000Z,4,93.3,https://data.lpdaac.earthdatacloud.nasa.gov/lp-prod-protected/EMITL2BMIN.001/EMIT_L2B_MIN_001_20231026T053142_2329904_024/EMIT_L2B_MIN_001_20231026T053142_2329904_024.nc
EMIT_L2B_MIN_001_20231029T044331_2330203_015,2023-10-29T04:43:31.000Z,2023-10-29T04:43:43.000Z,4,102.1,https://data.lpdaac.earthdatacloud.nasa.gov/lp-prod-protected/EMITL2BMIN.001/EMIT_L2B_MIN_001_20231029T044331_2330203_015/EMIT_L2B_MIN_001_20231029T044331_2330203_015.nc
EMIT_L2B_MIN_001_20231029T044407_2330203_018,2023-10-29T04:44:07.000Z,2023-10-29T04:44:18.000Z,4,87.7,https://data.lpdaac.earthdatacloud.nasa.gov/lp-prod-protected/EMITL2BMIN.001/EMIT_L2B_MIN_001_20231029T044407_2330203_018/EMIT_L2B_MIN_001_20231029T044407_2330203_018.nc
EMIT_L2B_MIN_001_20240228T043557_2405903_006,2024-02-28T04:35:57.000Z,2024-02-28T04:36:19.000Z,4,187.4,https://data.lpdaac.earthdatacloud.nasa.gov/lp-prod-protected/EMITL2BMIN.001/EMIT_L2B_MIN_001_20240228T043557_2405903_006/EMIT_L2B_MIN_001_20240228T043557_2405903_006.nc
EMIT_L2B_MIN_001_20240519T110643_2414008_006,2024-05-19T11:06:43.000Z,2024-05-19T11:06:55.000Z,4,95.8,https://data.lpdaac.earthdatacloud.nasa.gov/lp-prod-protected/EMITL2BMIN.001/EMIT_L2B_MIN_001_20240519T110643_2414008_006/EMIT_L2B_MIN_001_20240519T110643_2414008_006.nc
EMIT_L2B_MIN_001_20240607T033406_2415903_010,2024-06-07T03:34:06.000Z,2024-06-07T03:34:18.000Z,4,101.6,https://data.lpdaac.earthdatacloud.nasa.gov/lp-prod-protected/EMITL2BMIN.001/EMIT_L2B_MIN_001_20240607T033406_2415903_010/EMIT_L2B_MIN_001_20240607T033406_2415903_010.nc
EMIT_L2B_MIN_001_20240610T024309_2416202_001,2024-06-10T02:43:09.000Z,2024-06-10T02:43:21.000Z,4,98.4,https://data.lpdaac.earthdatacloud.nasa.gov/lp-prod-protected/EMITL2BMIN.001/EMIT_L2B_MIN_001_20240610T024309_2416202_001/EMIT_L2B_MIN_001_20240610T024309_2416202_001.nc
EMIT_L2B_MIN_001_20240610T024321_2416202_002,2024-06-10T02:43:21.000Z,2024-06-10T02:43:33.000Z,4,102.3,https://data.lpdaac.earthdatacloud.nasa.gov/lp-prod-protected/EMITL2BMIN.001/EMIT_L2B_MIN_001_20240610T024321_2416202_002/EMIT_L2B_MIN_001_20240610T024321_2416202_002.nc
EMIT_L2B_MIN_001_20240612T105407_2416407_008,2024-06-12T10:54:07.000Z,2024-06-12T10:54:19.000Z,4,102.0,https://data.lpdaac.earthdatacloud.nasa.gov/lp-prod-protected/EMITL2BMIN.001/EMIT_L2B_MIN_001_20240612T105407_2416407_008/EMIT_L2B_MIN_001_20240612T105407_2416407_008.nc
EMIT_L2B_MIN_001_20241129T062601_2433405_008,2024-11-29T06:26:01.000Z,2024-11-29T06:26:21.000Z,4,149.9,https://data.lpdaac.earthdatacloud.nasa.gov/lp-prod-protected/EMITL2BMIN.001/EMIT_L2B_MIN_001_20241129T062601_2433405_008/EMIT_L2B_MIN_001_20241129T062601_2433405_008.nc
EMIT_L2B_MIN_001_20241203T044909_2433804_005,2024-12-03T04:49:09.000Z,2024-12-03T04:49:21.000Z,4,86.8,https://data.lpdaac.earthdatacloud.nasa.gov/lp-prod-protected/EMITL2BMIN.001/EMIT_L2B_MIN_001_20241203T044909_2433804_005/EMIT_L2B_MIN_001_20241203T044909_2433804_005.nc
EMIT_L2B_MIN_001_20250128T063758_2502805_011,2025-01-28T06:37:58.000Z,2025-01-28T06:38:10.000Z,4,80.7,https://data.lpdaac.earthdatacloud.nasa.gov/lp-prod-protected/EMITL2BMIN.001/EMIT_L2B_MIN_001_20250128T063758_2502805_011/EMIT_L2B_MIN_001_20250128T063758_2502805_011.nc
EMIT_L2B_MIN_001_20250417T082323_2510705_019,2025-04-17T08:23:23.000Z,2025-04-17T08:23:44.000Z,4,175.0,https://data.lpdaac.earthdatacloud.nasa.gov/lp-prod-protected/EMITL2BMIN.001/EMIT_L2B_MIN_001_20250417T082323_2510705_019/EMIT_L2B_MIN_001_20250417T082323_2510705_019.nc
EMIT_L2B_MIN_001_20250428T042637_2511803_005,2025-04-28T04:26:37.000Z,2025-04-28T04:26:49.000Z,4,97.7,https://data.lpdaac.earthdatacloud.nasa.gov/lp-prod-protected/EMITL2BMIN.001/EMIT_L2B_MIN_001_20250428T042637_2511803_005/EMIT_L2B_MIN_001_20250428T042637_2511803_005.nc
EMIT_L2B_MIN_001_20251002T051041_2527503_012,2025-10-02T05:10:41.000Z,2025-10-02T05:10:52.000Z,4,99.9,https://data.lpdaac.earthdatacloud.nasa.gov/lp-prod-protected/EMITL2BMIN.001/EMIT_L2B_MIN_001_20251002T051041_2527503_012/EMIT_L2B_MIN_001_20251002T051041_2527503_012.nc
EMIT_L2B_MIN_001_20260402T045359_2609203_005,2026-04-02T04:53:59.000Z,2026-04-02T04:54:11.000Z,4,117.7,https://data.lpdaac.earthdatacloud.nasa.gov/lp-prod-protected/EMITL2BMIN.001/EMIT_L2B_MIN_001_20260402T045359_2609203_005/EMIT_L2B_MIN_001_20260402T045359_2609203_005.nc
EMIT_L2B_MIN_001_20260520T093108_2614006_025,2026-05-20T09:31:08.000Z,2026-05-20T09:31:20.000Z,4,118.0,https://data.lpdaac.earthdatacloud.nasa.gov/lp-prod-protected/EMITL2BMIN.001/EMIT_L2B_MIN_001_20260520T093108_2614006_025/EMIT_L2B_MIN_001_20260520T093108_2614006_025.nc
EMIT_L2B_MIN_001_20260604T040115_2615503_005,2026-06-04T04:01:15.000Z,2026-06-04T04:01:26.000Z,4,131.4,https://data.lpdaac.earthdatacloud.nasa.gov/lp-prod-protected/EMITL2BMIN.001/EMIT_L2B_MIN_001_20260604T040115_2615503_005/EMIT_L2B_MIN_001_20260604T040115_2615503_005.nc
EMIT_L2B_MIN_001_20230214T103521_2304507_036,2023-02-14T10:35:21.000Z,2023-02-14T10:35:33.000Z,5,86.2,https://data.lpdaac.earthdatacloud.nasa.gov/lp-prod-protected/EMITL2BMIN.001/EMIT_L2B_MIN_001_20230214T103521_2304507_036/EMIT_L2B_MIN_001_20230214T103521_2304507_036.nc
EMIT_L2B_MIN_001_20230215T094753_2304606_024,2023-02-15T09:47:53.000Z,2023-02-15T09:48:04.000Z,5,80.3,https://data.lpdaac.earthdatacloud.nasa.gov/lp-prod-protected/EMITL2BMIN.001/EMIT_L2B_MIN_001_20230215T094753_2304606_024/EMIT_L2B_MIN_001_20230215T094753_2304606_024.nc
EMIT_L2B_MIN_001_20230404T055138_2309404_011,2023-04-04T05:51:38.000Z,2023-04-04T05:51:51.000Z,5,100.3,https://data.lpdaac.earthdatacloud.nasa.gov/lp-prod-protected/EMITL2BMIN.001/EMIT_L2B_MIN_001_20230404T055138_2309404_011/EMIT_L2B_MIN_001_20230404T055138_2309404_011.nc
EMIT_L2B_MIN_001_20230408T041543_2309803_006,2023-04-08T04:15:43.000Z,2023-04-08T04:15:55.000Z,5,92.9,https://data.lpdaac.earthdatacloud.nasa.gov/lp-prod-protected/EMITL2BMIN.001/EMIT_L2B_MIN_001_20230408T041543_2309803_006/EMIT_L2B_MIN_001_20230408T041543_2309803_006.nc
EMIT_L2B_MIN_001_20230426T060130_2311604_029,2023-04-26T06:01:30.000Z,2023-04-26T06:01:41.000Z,5,96.8,https://data.lpdaac.earthdatacloud.nasa.gov/lp-prod-protected/EMITL2BMIN.001/EMIT_L2B_MIN_001_20230426T060130_2311604_029/EMIT_L2B_MIN_001_20230426T060130_2311604_029.nc
EMIT_L2B_MIN_001_20230929T074610_2327205_012,2023-09-29T07:46:10.000Z,2023-09-29T07:46:21.000Z,5,89.8,https://data.lpdaac.earthdatacloud.nasa.gov/lp-prod-protected/EMITL2BMIN.001/EMIT_L2B_MIN_001_20230929T074610_2327205_012/EMIT_L2B_MIN_001_20230929T074610_2327205_012.nc
EMIT_L2B_MIN_001_20231022T070708_2329505_031,2023-10-22T07:07:08.000Z,2023-10-22T07:07:20.000Z,5,97.2,https://data.lpdaac.earthdatacloud.nasa.gov/lp-prod-protected/EMITL2BMIN.001/EMIT_L2B_MIN_001_20231022T070708_2329505_031/EMIT_L2B_MIN_001_20231022T070708_2329505_031.nc
EMIT_L2B_MIN_001_20231025T062003_2329804_035,2023-10-25T06:20:03.000Z,2023-10-25T06:20:15.000Z,5,89.8,https://data.lpdaac.earthdatacloud.nasa.gov/lp-prod-protected/EMITL2BMIN.001/EMIT_L2B_MIN_001_20231025T062003_2329804_035/EMIT_L2B_MIN_001_20231025T062003_2329804_035.nc
EMIT_L2B_MIN_001_20250124T081724_2502406_005,2025-01-24T08:17:24.000Z,2025-01-24T08:17:36.000Z,5,81.9,https://data.lpdaac.earthdatacloud.nasa.gov/lp-prod-protected/EMITL2BMIN.001/EMIT_L2B_MIN_001_20250124T081724_2502406_005/EMIT_L2B_MIN_001_20250124T081724_2502406_005.nc
EMIT_L2B_MIN_001_20250128T063722_2502805_008,2025-01-28T06:37:22.000Z,2025-01-28T06:37:34.000Z,5,86.5,https://data.lpdaac.earthdatacloud.nasa.gov/lp-prod-protected/EMITL2BMIN.001/EMIT_L2B_MIN_001_20250128T063722_2502805_008/EMIT_L2B_MIN_001_20250128T063722_2502805_008.nc
EMIT_L2B_MIN_001_20250128T063746_2502805_010,2025-01-28T06:37:46.000Z,2025-01-28T06:37:58.000Z,5,84.6,https://data.lpdaac.earthdatacloud.nasa.gov/lp-prod-protected/EMITL2BMIN.001/EMIT_L2B_MIN_001_20250128T063746_2502805_010/EMIT_L2B_MIN_001_20250128T063746_2502805_010.nc
EMIT_L2B_MIN_001_20250428T042649_2511803_006,2025-04-28T04:26:49.000Z,2025-04-28T04:27:01.000Z,5,93.1,https://data.lpdaac.earthdatacloud.nasa.gov/lp-prod-protected/EMITL2BMIN.001/EMIT_L2B_MIN_001_20250428T042649_2511803_006/EMIT_L2B_MIN_001_20250428T042649_2511803_006.nc
EMIT_L2B_MIN_001_20251129T061537_2533304_007,2025-11-29T06:15:37.000Z,2025-11-29T06:15:49.000Z,5,112.0,https://data.lpdaac.earthdatacloud.nasa.gov/lp-prod-protected/EMITL2BMIN.001/EMIT_L2B_MIN_001_20251129T061537_2533304_007/EMIT_L2B_MIN_001_20251129T061537_2533304_007.nc
EMIT_L2B_MIN_001_20260216T071854_2604705_009,2026-02-16T07:18:54.000Z,2026-02-16T07:19:06.000Z,5,79.1,https://data.lpdaac.earthdatacloud.nasa.gov/lp-prod-protected/EMITL2BMIN.001/EMIT_L2B_MIN_001_20260216T071854_2604705_009/EMIT_L2B_MIN_001_20260216T071854_2604705_009.nc
EMIT_L2B_MIN_001_20220831T043522_2224303_011,2022-08-31T04:35:22.000Z,2022-08-31T04:35:33.000Z,6,78.9,https://data.lpdaac.earthdatacloud.nasa.gov/lp-prod-protected/EMITL2BMIN.001/EMIT_L2B_MIN_001_20220831T043522_2224303_011/EMIT_L2B_MIN_001_20220831T043522_2224303_011.nc
EMIT_L2B_MIN_001_20230302T041325_2306103_006,2023-03-02T04:13:25.000Z,2023-03-02T04:13:36.000Z,6,102.2,https://data.lpdaac.earthdatacloud.nasa.gov/lp-prod-protected/EMITL2BMIN.001/EMIT_L2B_MIN_001_20230302T041325_2306103_006/EMIT_L2B_MIN_001_20230302T041325_2306103_006.nc
EMIT_L2B_MIN_001_20230407T050424_2309704_012,2023-04-07T05:04:24.000Z,2023-04-07T05:04:36.000Z,6,102.4,https://data.lpdaac.earthdatacloud.nasa.gov/lp-prod-protected/EMITL2BMIN.001/EMIT_L2B_MIN_001_20230407T050424_2309704_012/EMIT_L2B_MIN_001_20230407T050424_2309704_012.nc
EMIT_L2B_MIN_001_20230429T051156_2311903_026,2023-04-29T05:11:56.000Z,2023-04-29T05:12:08.000Z,6,106.6,https://data.lpdaac.earthdatacloud.nasa.gov/lp-prod-protected/EMITL2BMIN.001/EMIT_L2B_MIN_001_20230429T051156_2311903_026/EMIT_L2B_MIN_001_20230429T051156_2311903_026.nc
EMIT_L2B_MIN_001_20230531T071457_2315105_008,2023-05-31T07:14:57.000Z,2023-05-31T07:15:09.000Z,6,101.4,https://data.lpdaac.earthdatacloud.nasa.gov/lp-prod-protected/EMITL2BMIN.001/EMIT_L2B_MIN_001_20230531T071457_2315105_008/EMIT_L2B_MIN_001_20230531T071457_2315105_008.nc
EMIT_L2B_MIN_001_20230621T080127_2317205_044,2023-06-21T08:01:27.000Z,2023-06-21T08:01:39.000Z,6,99.4,https://data.lpdaac.earthdatacloud.nasa.gov/lp-prod-protected/EMITL2BMIN.001/EMIT_L2B_MIN_001_20230621T080127_2317205_044/EMIT_L2B_MIN_001_20230621T080127_2317205_044.nc
EMIT_L2B_MIN_001_20230702T035422_2318303_002,2023-07-02T03:54:22.000Z,2023-07-02T03:54:34.000Z,6,101.0,https://data.lpdaac.earthdatacloud.nasa.gov/lp-prod-protected/EMITL2BMIN.001/EMIT_L2B_MIN_001_20230702T035422_2318303_002/EMIT_L2B_MIN_001_20230702T035422_2318303_002.nc
EMIT_L2B_MIN_001_20231018T084214_2329106_041,2023-10-18T08:42:14.000Z,2023-10-18T08:42:26.000Z,6,102.3,https://data.lpdaac.earthdatacloud.nasa.gov/lp-prod-protected/EMITL2BMIN.001/EMIT_L2B_MIN_001_20231018T084214_2329106_041/EMIT_L2B_MIN_001_20231018T084214_2329106_041.nc
EMIT_L2B_MIN_001_20250128T063658_2502805_006,2025-01-28T06:36:58.000Z,2025-01-28T06:37:10.000Z,6,84.0,https://data.lpdaac.earthdatacloud.nasa.gov/lp-prod-protected/EMITL2BMIN.001/EMIT_L2B_MIN_001_20250128T063658_2502805_006/EMIT_L2B_MIN_001_20250128T063658_2502805_006.nc
EMIT_L2B_MIN_001_20250131T054722_2503104_008,2025-01-31T05:47:22.000Z,2025-01-31T05:47:34.000Z,6,103.0,https://data.lpdaac.earthdatacloud.nasa.gov/lp-prod-protected/EMITL2BMIN.001/EMIT_L2B_MIN_001_20250131T054722_2503104_008/EMIT_L2B_MIN_001_20250131T054722_2503104_008.nc
EMIT_L2B_MIN_001_20260123T081051_2602305_026,2026-01-23T08:10:51.000Z,2026-01-23T08:11:04.000Z,6,111.8,https://data.lpdaac.earthdatacloud.nasa.gov/lp-prod-protected/EMITL2BMIN.001/EMIT_L2B_MIN_001_20260123T081051_2602305_026/EMIT_L2B_MIN_001_20260123T081051_2602305_026.nc
EMIT_L2B_MIN_001_20260216T071918_2604705_011,2026-02-16T07:19:18.000Z,2026-02-16T07:19:30.000Z,6,83.2,https://data.lpdaac.earthdatacloud.nasa.gov/lp-prod-protected/EMITL2BMIN.001/EMIT_L2B_MIN_001_20260216T071918_2604705_011/EMIT_L2B_MIN_001_20260216T071918_2604705_011.nc
EMIT_L2B_MIN_001_20260523T084543_2614306_008,2026-05-23T08:45:43.000Z,2026-05-23T08:46:06.000Z,6,178.0,https://data.lpdaac.earthdatacloud.nasa.gov/lp-prod-protected/EMITL2BMIN.001/EMIT_L2B_MIN_001_20260523T084543_2614306_008/EMIT_L2B_MIN_001_20260523T084543_2614306_008.nc
EMIT_L2B_MIN_001_20260619T064220_2617004_044,2026-06-19T06:42:20.000Z,2026-06-19T06:42:31.000Z,6,125.4,https://data.lpdaac.earthdatacloud.nasa.gov/lp-prod-protected/EMITL2BMIN.001/EMIT_L2B_MIN_001_20260619T064220_2617004_044/EMIT_L2B_MIN_001_20260619T064220_2617004_044.nc
EMIT_L2B_MIN_001_20230214T103509_2304507_035,2023-02-14T10:35:09.000Z,2023-02-14T10:35:21.000Z,7,86.9,https://data.lpdaac.earthdatacloud.nasa.gov/lp-prod-protected/EMITL2BMIN.001/EMIT_L2B_MIN_001_20230214T103509_2304507_035/EMIT_L2B_MIN_001_20230214T103509_2304507_035.nc
EMIT_L2B_MIN_001_20230404T055027_2309404_005,2023-04-04T05:50:27.000Z,2023-04-04T05:50:39.000Z,7,92.7,https://data.lpdaac.earthdatacloud.nasa.gov/lp-prod-protected/EMITL2BMIN.001/EMIT_L2B_MIN_001_20230404T055027_2309404_005/EMIT_L2B_MIN_001_20230404T055027_2309404_005.nc
EMIT_L2B_MIN_001_20230417T100507_2310707_044,2023-04-17T10:05:07.000Z,2023-04-17T10:05:18.000Z,7,92.0,https://data.lpdaac.earthdatacloud.nasa.gov/lp-prod-protected/EMITL2BMIN.001/EMIT_L2B_MIN_001_20230417T100507_2310707_044/EMIT_L2B_MIN_001_20230417T100507_2310707_044.nc
EMIT_L2B_MIN_001_20230426T060141_2311604_030,2023-04-26T06:01:41.000Z,2023-04-26T06:01:53.000Z,7,97.3,https://data.lpdaac.earthdatacloud.nasa.gov/lp-prod-protected/EMITL2BMIN.001/EMIT_L2B_MIN_001_20230426T060141_2311604_030/EMIT_L2B_MIN_001_20230426T060141_2311604_030.nc
EMIT_L2B_MIN_001_20230426T060217_2311604_033,2023-04-26T06:02:17.000Z,2023-04-26T06:02:29.000Z,7,96.8,https://data.lpdaac.earthdatacloud.nasa.gov/lp-prod-protected/EMITL2BMIN.001/EMIT_L2B_MIN_001_20230426T060217_2311604_033/EMIT_L2B_MIN_001_20230426T060217_2311604_033.nc
EMIT_L2B_MIN_001_20230531T071509_2315105_009,2023-05-31T07:15:09.000Z,2023-05-31T07:15:21.000Z,7,95.4,https://data.lpdaac.earthdatacloud.nasa.gov/lp-prod-protected/EMITL2BMIN.001/EMIT_L2B_MIN_001_20230531T071509_2315105_009/EMIT_L2B_MINUNCERT_001_20230531T071509_2315105_009.nc
EMIT_L2B_MIN_001_20230802T065247_2321405_008,2023-08-02T06:52:47.000Z,2023-08-02T06:52:59.000Z,7,96.7,https://data.lpdaac.earthdatacloud.nasa.gov/lp-prod-protected/EMITL2BMIN.001/EMIT_L2B_MIN_001_20230802T065247_2321405_008/EMIT_L2B_MIN_001_20230802T065247_2321405_008.nc
EMIT_L2B_MIN_001_20231029T044430_2330203_020,2023-10-29T04:44:30.000Z,2023-10-29T04:44:49.000Z,7,146.1,https://data.lpdaac.earthdatacloud.nasa.gov/lp-prod-protected/EMITL2BMIN.001/EMIT_L2B_MIN_001_20231029T044430_2330203_020/EMIT_L2B_MIN_001_20231029T044430_2330203_020.nc
EMIT_L2B_MIN_001_20241216T085254_2435106_006,2024-12-16T08:52:54.000Z,2024-12-16T08:53:14.000Z,7,162.6,https://data.lpdaac.earthdatacloud.nasa.gov/lp-prod-protected/EMITL2BMIN.001/EMIT_L2B_MIN_001_20241216T085254_2435106_006/EMIT_L2B_MIN_001_20241216T085254_2435106_006.nc
EMIT_L2B_MIN_001_20250124T081736_2502406_006,2025-01-24T08:17:36.000Z,2025-01-24T08:17:56.000Z,7,134.1,https://data.lpdaac.earthdatacloud.nasa.gov/lp-prod-protected/EMITL2BMIN.001/EMIT_L2B_MIN_001_20250124T081736_2502406_006/EMIT_L2B_MIN_001_20250124T081736_2502406_006.nc
EMIT_L2B_MIN_001_20250131T054710_2503104_007,2025-01-31T05:47:10.000Z,2025-01-31T05:47:22.000Z,7,102.6,https://data.lpdaac.earthdatacloud.nasa.gov/lp-prod-protected/EMITL2BMIN.001/EMIT_L2B_MIN_001_20250131T054710_2503104_007/EMIT_L2B_MIN_001_20250131T054710_2503104_007.nc
EMIT_L2B_MIN_001_20250201T045748_2503204_006,2025-02-01T04:57:48.000Z,2025-02-01T04:58:00.000Z,7,84.4,https://data.lpdaac.earthdatacloud.nasa.gov/lp-prod-protected/EMITL2BMIN.001/EMIT_L2B_MIN_001_20250201T045748_2503204_006/EMIT_L2B_MIN_001_20250201T045748_2503204_006.nc
EMIT_L2B_MIN_001_20260325T075729_2608405_009,2026-03-25T07:57:29.000Z,2026-03-25T07:57:41.000Z,7,111.3,https://data.lpdaac.earthdatacloud.nasa.gov/lp-prod-protected/EMITL2BMIN.001/EMIT_L2B_MIN_001_20260325T075729_2608405_009/EMIT_L2B_MIN_001_20260325T075729_2608405_009.nc
EMIT_L2B_MIN_001_20260329T062551_2608804_007,2026-03-29T06:25:51.000Z,2026-03-29T06:26:03.000Z,7,116.7,https://data.lpdaac.earthdatacloud.nasa.gov/lp-prod-protected/EMITL2BMIN.001/EMIT_L2B_MIN_001_20260329T062551_2608804_007/EMIT_L2B_MIN_001_20260329T062551_2608804_007.nc
EMIT_L2B_MIN_001_20260413T091542_2610306_049,2026-04-13T09:15:42.000Z,2026-04-13T09:15:59.000Z,7,156.2,https://data.lpdaac.earthdatacloud.nasa.gov/lp-prod-protected/EMITL2BMIN.001/EMIT_L2B_MIN_001_20260413T091542_2610306_049/EMIT_L2B_MIN_001_20260413T091542_2610306_049.nc
EMIT_L2B_MIN_001_20260520T093056_2614006_024,2026-05-20T09:30:56.000Z,2026-05-20T09:31:08.000Z,7,117.1,https://data.lpdaac.earthdatacloud.nasa.gov/lp-prod-protected/EMITL2BMIN.001/EMIT_L2B_MIN_001_20260520T093056_2614006_024/EMIT_L2B_MIN_001_20260520T093056_2614006_024.nc
EMIT_L2B_MIN_001_20260523T084351_2614306_005,2026-05-23T08:43:51.000Z,2026-05-23T08:44:11.000Z,7,169.3,https://data.lpdaac.earthdatacloud.nasa.gov/lp-prod-protected/EMITL2BMIN.001/EMIT_L2B_MIN_001_20260523T084351_2614306_005/EMIT_L2B_MIN_001_20260523T084351_2614306_005.nc
EMIT_L2B_MIN_001_20260527T071109_2614705_004,2026-05-27T07:11:09.000Z,2026-05-27T07:11:21.000Z,7,125.2,https://data.lpdaac.earthdatacloud.nasa.gov/lp-prod-protected/EMITL2BMIN.001/EMIT_L2B_MIN_001_20260527T071109_2614705_004/EMIT_L2B_MIN_001_20260527T071109_2614705_004.nc
EMIT_L2B_MIN_001_20260619T064208_2617004_043,2026-06-19T06:42:08.000Z,2026-06-19T06:42:20.000Z,7,131.7,https://data.lpdaac.earthdatacloud.nasa.gov/lp-prod-protected/EMITL2BMIN.001/EMIT_L2B_MIN_001_20260619T064208_2617004_043/EMIT_L2B_MIN_001_20260619T064208_2617004_043.nc
EMIT_L2B_MIN_001_20230131T071222_2303105_008,2023-01-31T07:12:22.000Z,2023-01-31T07:12:34.000Z,8,101.5,https://data.lpdaac.earthdatacloud.nasa.gov/lp-prod-protected/EMITL2BMIN.001/EMIT_L2B_MIN_001_20230131T071222_2303105_008/EMIT_L2B_MIN_001_20230131T071222_2303105_008.nc
EMIT_L2B_MIN_001_20230418T091601_2310806_041,2023-04-18T09:16:01.000Z,2023-04-18T09:16:13.000Z,8,95.0,https://data.lpdaac.earthdatacloud.nasa.gov/lp-prod-protected/EMITL2BMIN.001/EMIT_L2B_MIN_001_20230418T091601_2310806_041/EMIT_L2B_MIN_001_20230418T091601_2310806_041.nc
EMIT_L2B_MIN_001_20230421T082737_2311106_040,2023-04-21T08:27:37.000Z,2023-04-21T08:27:49.000Z,8,96.7,https://data.lpdaac.earthdatacloud.nasa.gov/lp-prod-protected/EMITL2BMIN.001/EMIT_L2B_MIN_001_20230421T082737_2311106_040/EMIT_L2B_MIN_001_20230421T082737_2311106_040.nc
EMIT_L2B_MIN_001_20230425T065024_2311505_041,2023-04-25T06:50:24.000Z,2023-04-25T06:50:36.000Z,8,92.6,https://data.lpdaac.earthdatacloud.nasa.gov/lp-prod-protected/EMITL2BMIN.001/EMIT_L2B_MIN_001_20230425T065024_2311505_041/EMIT_L2B_MIN_001_20230425T065024_2311505_041.nc
EMIT_L2B_MIN_001_20231021T075426_2329405_039,2023-10-21T07:54:26.000Z,2023-10-21T07:54:37.000Z,8,93.8,https://data.lpdaac.earthdatacloud.nasa.gov/lp-prod-protected/EMITL2BMIN.001/EMIT_L2B_MIN_001_20231021T075426_2329405_039/EMIT_L2B_MIN_001_20231021T075426_2329405_039.nc
EMIT_L2B_MIN_001_20231029T044418_2330203_019,2023-10-29T04:44:18.000Z,2023-10-29T04:44:30.000Z,8,91.4,https://data.lpdaac.earthdatacloud.nasa.gov/lp-prod-protected/EMITL2BMIN.001/EMIT_L2B_MIN_001_20231029T044418_2330203_019/EMIT_L2B_MIN_001_20231029T044418_2330203_019.nc
EMIT_L2B_MIN_001_20250128T063734_2502805_009,2025-01-28T06:37:34.000Z,2025-01-28T06:37:46.000Z,8,83.0,https://data.lpdaac.earthdatacloud.nasa.gov/lp-prod-protected/EMITL2BMIN.001/EMIT_L2B_MIN_001_20250128T063734_2502805_009/EMIT_L2B_MIN_001_20250128T063734_2502805_009.nc
EMIT_L2B_MIN_001_20250201T045836_2503204_010,2025-02-01T04:58:36.000Z,2025-02-01T04:58:48.000Z,8,79.8,https://data.lpdaac.earthdatacloud.nasa.gov/lp-prod-protected/EMITL2BMIN.001/EMIT_L2B_MIN_001_20250201T045836_2503204_010/EMIT_L2B_MIN_001_20250201T045836_2503204_010.nc
EMIT_L2B_MIN_001_20250214T090841_2504506_002,2025-02-14T09:08:41.000Z,2025-02-14T09:08:53.000Z,8,95.1,https://data.lpdaac.earthdatacloud.nasa.gov/lp-prod-protected/EMITL2BMIN.001/EMIT_L2B_MIN_001_20250214T090841_2504506_002/EMIT_L2B_MIN_001_20250214T090841_2504506_002.nc
EMIT_L2B_MIN_001_20250527T073356_2514705_002,2025-05-27T07:33:56.000Z,2025-05-27T07:34:16.000Z,8,146.0,https://data.lpdaac.earthdatacloud.nasa.gov/lp-prod-protected/EMITL2BMIN.001/EMIT_L2B_MIN_001_20250527T073356_2514705_002/EMIT_L2B_MIN_001_20250527T073356_2514705_002.nc
EMIT_L2B_MIN_001_20260325T075717_2608405_008,2026-03-25T07:57:17.000Z,2026-03-25T07:57:29.000Z,8,115.3,https://data.lpdaac.earthdatacloud.nasa.gov/lp-prod-protected/EMITL2BMIN.001/EMIT_L2B_MIN_001_20260325T075717_2608405_008/EMIT_L2B_MIN_001_20260325T075717_2608405_008.nc
EMIT_L2B_MIN_001_20260329T062603_2608804_008,2026-03-29T06:26:03.000Z,2026-03-29T06:26:15.000Z,8,111.4,https://data.lpdaac.earthdatacloud.nasa.gov/lp-prod-protected/EMITL2BMIN.001/EMIT_L2B_MIN_001_20260329T062603_2608804_008/EMIT_L2B_MIN_001_20260329T062603_2608804_008.nc
EMIT_L2B_MIN_001_20260519T101836_2613907_018,2026-05-19T10:18:36.000Z,2026-05-19T10:18:51.000Z,8,150.0,https://data.lpdaac.earthdatacloud.nasa.gov/lp-prod-protected/EMITL2BMIN.001/EMIT_L2B_MIN_001_20260519T101836_2613907_018/EMIT_L2B_MIN_001_20260519T101836_2613907_018.nc
EMIT_L2B_MIN_001_20260604T040103_2615503_004,2026-06-04T04:01:03.000Z,2026-06-04T04:01:15.000Z,8,123.1,https://data.lpdaac.earthdatacloud.nasa.gov/lp-prod-protected/EMITL2BMIN.001/EMIT_L2B_MIN_001_20260604T040103_2615503_004/EMIT_L2B_MIN_001_20260604T040103_2615503_004.nc
EMIT_L2B_MIN_001_20230226T054849_2305704_030,2023-02-26T05:48:49.000Z,2023-02-26T05:49:01.000Z,9,85.7,https://data.lpdaac.earthdatacloud.nasa.gov/lp-prod-protected/EMITL2BMIN.001/EMIT_L2B_MIN_001_20230226T054849_2305704_030/EMIT_L2B_MIN_001_20230226T054849_2305704_030.nc
EMIT_L2B_MIN_001_20230603T062549_2315405_009,2023-06-03T06:25:49.000Z,2023-06-03T06:26:01.000Z,9,104.3,https://data.lpdaac.earthdatacloud.nasa.gov/lp-prod-protected/EMITL2BMIN.001/EMIT_L2B_MIN_001_20230603T062549_2315405_009/EMIT_L2B_MIN_001_20230603T062549_2315405_009.nc
EMIT_L2B_MIN_001_20230607T044804_2315803_012,2023-06-07T04:48:04.000Z,2023-06-07T04:48:16.000Z,9,93.4,https://data.lpdaac.earthdatacloud.nasa.gov/lp-prod-protected/EMITL2BMIN.001/EMIT_L2B_MIN_001_20230607T044804_2315803_012/EMIT_L2B_MIN_001_20230607T044804_2315803_012.nc
EMIT_L2B_MIN_001_20240610T024333_2416202_003,2024-06-10T02:43:33.000Z,2024-06-10T02:43:45.000Z,9,104.6,https://data.lpdaac.earthdatacloud.nasa.gov/lp-prod-protected/EMITL2BMIN.001/EMIT_L2B_MIN_001_20240610T024333_2416202_003/EMIT_L2B_MIN_001_20240610T024333_2416202_003.nc
EMIT_L2B_MIN_001_20250613T100808_2516406_026,2025-06-13T10:08:08.000Z,2025-06-13T10:08:20.000Z,9,95.6,https://data.lpdaac.earthdatacloud.nasa.gov/lp-prod-protected/EMITL2BMIN.001/EMIT_L2B_MIN_001_20250613T100808_2516406_026/EMIT_L2B_MIN_001_20250613T100808_2516406_026.nc
EMIT_L2B_MIN_001_20260216T071906_2604705_010,2026-02-16T07:19:06.000Z,2026-02-16T07:19:18.000Z,9,83.7,https://data.lpdaac.earthdatacloud.nasa.gov/lp-prod-protected/EMITL2BMIN.001/EMIT_L2B_MIN_001_20260216T071906_2604705_010/EMIT_L2B_MIN_001_20260216T071906_2604705_010.nc
EMIT_L2B_MIN_001_20260527T071121_2614705_005,2026-05-27T07:11:21.000Z,2026-05-27T07:11:41.000Z,9,159.2,https://data.lpdaac.earthdatacloud.nasa.gov/lp-prod-protected/EMITL2BMIN.001/EMIT_L2B_MIN_001_20260527T071121_2614705_005/EMIT_L2B_MIN_001_20260527T071121_2614705_005.nc
EMIT_L2B_MIN_001_20230226T054825_2305704_028,2023-02-26T05:48:25.000Z,2023-02-26T05:48:37.000Z,10,97.8,https://data.lpdaac.earthdatacloud.nasa.gov/lp-prod-protected/EMITL2BMIN.001/EMIT_L2B_MIN_001_20230226T054825_2305704_028/EMIT_L2B_MIN_001_20230226T054825_2305704_028.nc
EMIT_L2B_MIN_001_20230403T063808_2309305_006,2023-04-03T06:38:08.000Z,2023-04-03T06:38:20.000Z,10,101.7,https://data.lpdaac.earthdatacloud.nasa.gov/lp-prod-protected/EMITL2BMIN.001/EMIT_L2B_MIN_001_20230403T063808_2309305_006/EMIT_L2B_MIN_001_20230403T063808_2309305_006.nc
EMIT_L2B_MIN_001_20230930T065702_2327305_005,2023-09-30T06:57:02.000Z,2023-09-30T06:57:13.000Z,10,81.4,https://data.lpdaac.earthdatacloud.nasa.gov/lp-prod-protected/EMITL2BMIN.001/EMIT_L2B_MIN_001_20230930T065702_2327305_005/EMIT_L2B_MIN_001_20230930T065702_2327305_005.nc
EMIT_L2B_MIN_001_20230930T065725_2327305_007,2023-09-30T06:57:25.000Z,2023-09-30T06:57:37.000Z,10,84.4,https://data.lpdaac.earthdatacloud.nasa.gov/lp-prod-protected/EMITL2BMIN.001/EMIT_L2B_MIN_001_20230930T065725_2327305_007/EMIT_L2B_MIN_001_20230930T065725_2327305_007.nc
EMIT_L2B_MIN_001_20231026T053153_2329904_025,2023-10-26T05:31:53.000Z,2023-10-26T05:32:14.000Z,10,161.6,https://data.lpdaac.earthdatacloud.nasa.gov/lp-prod-protected/EMITL2BMIN.001/EMIT_L2B_MIN_001_20231026T053153_2329904_025/EMIT_L2B_MIN_001_20231026T053153_2329904_025.nc
EMIT_L2B_MIN_001_20240426T052301_2411704_004,2024-04-26T05:23:01.000Z,2024-04-26T05:23:13.000Z,10,104.1,https://data.lpdaac.earthdatacloud.nasa.gov/lp-prod-protected/EMITL2BMIN.001/EMIT_L2B_MIN_001_20240426T052301_2411704_004/EMIT_L2B_MIN_001_20240426T052301_2411704_004.nc
EMIT_L2B_MIN_001_20250413T095833_2510306_020,2025-04-13T09:58:33.000Z,2025-04-13T09:58:53.000Z,10,176.6,https://data.lpdaac.earthdatacloud.nasa.gov/lp-prod-protected/EMITL2BMIN.001/EMIT_L2B_MIN_001_20250413T095833_2510306_020/EMIT_L2B_MIN_001_20250413T095833_2510306_020.nc
EMIT_L2B_MIN_001_20260325T075741_2608405_010,2026-03-25T07:57:41.000Z,2026-03-25T07:57:52.000Z,10,103.1,https://data.lpdaac.earthdatacloud.nasa.gov/lp-prod-protected/EMITL2BMIN.001/EMIT_L2B_MIN_001_20260325T075741_2608405_010/EMIT_L2B_MIN_001_20260325T075741_2608405_010.nc
EMIT_L2B_MIN_001_20230201T062347_2303205_008,2023-02-01T06:23:47.000Z,2023-02-01T06:23:59.000Z,11,80.5,https://data.lpdaac.earthdatacloud.nasa.gov/lp-prod-protected/EMITL2BMIN.001/EMIT_L2B_MIN_001_20230201T062347_2303205_008/EMIT_L2B_MIN_001_20230201T062347_2303205_008.nc
EMIT_L2B_MIN_001_20230408T041520_2309803_004,2023-04-08T04:15:20.000Z,2023-04-08T04:15:32.000Z,11,93.1,https://data.lpdaac.earthdatacloud.nasa.gov/lp-prod-protected/EMITL2BMIN.001/EMIT_L2B_MIN_001_20230408T041520_2309803_004/EMIT_L2B_MIN_001_20230408T041520_2309803_004.nc
EMIT_L2B_MIN_001_20230418T091525_2310806_038,2023-04-18T09:15:25.000Z,2023-04-18T09:15:37.000Z,11,99.2,https://data.lpdaac.earthdatacloud.nasa.gov/lp-prod-protected/EMITL2BMIN.001/EMIT_L2B_MIN_001_20230418T091525_2310806_038/EMIT_L2B_MIN_001_20230418T091525_2310806_038.nc
EMIT_L2B_MIN_001_20230418T091537_2310806_039,2023-04-18T09:15:37.000Z,2023-04-18T09:15:49.000Z,11,103.7,https://data.lpdaac.earthdatacloud.nasa.gov/lp-prod-protected/EMITL2BMIN.001/EMIT_L2B_MIN_001_20230418T091537_2310806_039/EMIT_L2B_MIN_001_20230418T091537_2310806_039.nc
EMIT_L2B_MIN_001_20231217T092625_2335106_007,2023-12-17T09:26:25.000Z,2023-12-17T09:26:48.000Z,11,178.4,https://data.lpdaac.earthdatacloud.nasa.gov/lp-prod-protected/EMITL2BMIN.001/EMIT_L2B_MIN_001_20231217T092625_2335106_007/EMIT_L2B_MIN_001_20231217T092625_2335106_007.nc
EMIT_L2B_MIN_001_20241018T075224_2429205_002,2024-10-18T07:52:24.000Z,2024-10-18T07:52:36.000Z,11,84.7,https://data.lpdaac.earthdatacloud.nasa.gov/lp-prod-protected/EMITL2BMIN.001/EMIT_L2B_MIN_001_20241018T075224_2429205_002/EMIT_L2B_MIN_001_20241018T075224_2429205_002.nc
EMIT_L2B_MIN_001_20250330T063159_2508904_003,2025-03-30T06:31:59.000Z,2025-03-30T06:32:11.000Z,11,94.5,https://data.lpdaac.earthdatacloud.nasa.gov/lp-prod-protected/EMITL2BMIN.001/EMIT_L2B_MIN_001_20250330T063159_2508904_003/EMIT_L2B_MIN_001_20250330T063159_2508904_003.nc
EMIT_L2B_MIN_001_20250527T073344_2514705_001,2025-05-27T07:33:44.000Z,2025-05-27T07:33:56.000Z,11,95.9,https://data.lpdaac.earthdatacloud.nasa.gov/lp-prod-protected/EMITL2BMIN.001/EMIT_L2B_MIN_001_20250527T073344_2514705_001/EMIT_L2B_MIN_001_20250527T073344_2514705_001.nc
EMIT_L2B_MIN_001_20251002T051104_2527503_014,2025-10-02T05:11:04.000Z,2025-10-02T05:11:16.000Z,11,94.7,https://data.lpdaac.earthdatacloud.nasa.gov/lp-prod-protected/EMITL2BMIN.001/EMIT_L2B_MIN_001_20251002T051104_2527503_014/EMIT_L2B_MIN_001_20251002T051104_2527503_014.nc
EMIT_L2B_MIN_001_20251215T080851_2534906_013,2025-12-15T08:08:51.000Z,2025-12-15T08:09:03.000Z,11,86.5,https://data.lpdaac.earthdatacloud.nasa.gov/lp-prod-protected/EMITL2BMIN.001/EMIT_L2B_MIN_001_20251215T080851_2534906_013/EMIT_L2B_MIN_001_20251215T080851_2534906_013.nc
EMIT_L2B_MIN_001_20230128T080147_2302806_008,2023-01-28T08:01:47.000Z,2023-01-28T08:01:59.000Z,12,83.7,https://data.lpdaac.earthdatacloud.nasa.gov/lp-prod-protected/EMITL2BMIN.001/EMIT_L2B_MIN_001_20230128T080147_2302806_008/EMIT_L2B_MIN_001_20230128T080147_2302806_008.nc
EMIT_L2B_MIN_001_20230302T041424_2306103_011,2023-03-02T04:14:24.000Z,2023-03-02T04:14:36.000Z,12,85.3,https://data.lpdaac.earthdatacloud.nasa.gov/lp-prod-protected/EMITL2BMIN.001/EMIT_L2B_MIN_001_20230302T041424_2306103_011/EMIT_L2B_MIN_001_20230302T041424_2306103_011.nc
EMIT_L2B_MIN_001_20230404T055039_2309404_006,2023-04-04T05:50:39.000Z,2023-04-04T05:50:50.000Z,12,93.6,https://data.lpdaac.earthdatacloud.nasa.gov/lp-prod-protected/EMITL2BMIN.001/EMIT_L2B_MIN_001_20230404T055039_2309404_006/EMIT_L2B_MIN_001_20230404T055039_2309404_006.nc
EMIT_L2B_MIN_001_20230407T050413_2309704_011,2023-04-07T05:04:13.000Z,2023-04-07T05:04:24.000Z,12,102.9,https://data.lpdaac.earthdatacloud.nasa.gov/lp-prod-protected/EMITL2BMIN.001/EMIT_L2B_MIN_001_20230407T050413_2309704_011/EMIT_L2B_MIN_001_20230407T050413_2309704_011.nc
EMIT_L2B_MIN_001_20230421T082749_2311106_041,2023-04-21T08:27:49.000Z,2023-04-21T08:28:01.000Z,12,89.9,https://data.lpdaac.earthdatacloud.nasa.gov/lp-prod-protected/EMITL2BMIN.001/EMIT_L2B_MIN_001_20230421T082749_2311106_041/EMIT_L2B_MIN_001_20230421T082749_2311106_041.nc
EMIT_L2B_MIN_001_20230802T065259_2321405_009,2023-08-02T06:52:59.000Z,2023-08-02T06:53:11.000Z,12,93.2,https://data.lpdaac.earthdatacloud.nasa.gov/lp-prod-protected/EMITL2BMIN.001/EMIT_L2B_MIN_001_20230802T065259_2321405_009/EMIT_L2B_MIN_001_20230802T065259_2321405_009.nc
EMIT_L2B_MIN_001_20250124T081553_2502406_003,2025-01-24T08:15:53.000Z,2025-01-24T08:16:05.000Z,12,79.9,https://data.lpdaac.earthdatacloud.nasa.gov/lp-prod-protected/EMITL2BMIN.001/EMIT_L2B_MIN_001_20250124T081553_2502406_003/EMIT_L2B_MIN_001_20250124T081553_2502406_003.nc
EMIT_L2B_MIN_001_20250201T045812_2503204_008,2025-02-01T04:58:12.000Z,2025-02-01T04:58:24.000Z,12,84.5,https://data.lpdaac.earthdatacloud.nasa.gov/lp-prod-protected/EMITL2BMIN.001/EMIT_L2B_MIN_001_20250201T045812_2503204_008/EMIT_L2B_MIN_001_20250201T045812_2503204_008.nc
EMIT_L2B_MIN_001_20250531T055942_2515104_008,2025-05-31T05:59:42.000Z,2025-05-31T06:00:01.000Z,12,150.1,https://data.lpdaac.earthdatacloud.nasa.gov/lp-prod-protected/EMITL2BMIN.001/EMIT_L2B_MIN_001_20250531T055942_2515104_008/EMIT_L2B_MIN_001_20250531T055942_2515104_008.nc
EMIT_L2B_MIN_001_20260324T084409_2608305_020,2026-03-24T08:44:09.000Z,2026-03-24T08:44:21.000Z,12,101.3,https://data.lpdaac.earthdatacloud.nasa.gov/lp-prod-protected/EMITL2BMIN.001/EMIT_L2B_MIN_001_20260324T084409_2608305_020/EMIT_L2B_MIN_001_20260324T084409_2608305_020.nc
EMIT_L2B_MIN_001_20260325T075752_2608405_011,2026-03-25T07:57:52.000Z,2026-03-25T07:58:04.000Z,12,89.9,https://data.lpdaac.earthdatacloud.nasa.gov/lp-prod-protected/EMITL2BMIN.001/EMIT_L2B_MIN_001_20260325T075752_2608405_011/EMIT_L2B_MIN_001_20260325T075752_2608405_011.nc
EMIT_L2B_MIN_001_20260402T045251_2609203_002,2026-04-02T04:52:51.000Z,2026-04-02T04:53:03.000Z,12,115.1,https://data.lpdaac.earthdatacloud.nasa.gov/lp-prod-protected/EMITL2BMIN.001/EMIT_L2B_MIN_001_20260402T045251_2609203_002/EMIT_L2B_MIN_001_20260402T045251_2609203_002.nc
EMIT_L2B_MIN_001_20260402T045303_2609203_003,2026-04-02T04:53:03.000Z,2026-04-02T04:53:15.000Z,12,115.7,https://data.lpdaac.earthdatacloud.nasa.gov/lp-prod-protected/EMITL2BMIN.001/EMIT_L2B_MIN_001_20260402T045303_2609203_003/EMIT_L2B_MIN_001_20260402T045303_2609203_003.nc
EMIT_L2B_MIN_001_20230128T080258_2302806_014,2023-01-28T08:02:58.000Z,2023-01-28T08:03:10.000Z,13,76.4,https://data.lpdaac.earthdatacloud.nasa.gov/lp-prod-protected/EMITL2BMIN.001/EMIT_L2B_MIN_001_20230128T080258_2302806_014/EMIT_L2B_MIN_001_20230128T080258_2302806_014.nc
EMIT_L2B_MIN_001_20230219T081011_2305005_041,2023-02-19T08:10:11.000Z,2023-02-19T08:10:34.000Z,13,159.9,https://data.lpdaac.earthdatacloud.nasa.gov/lp-prod-protected/EMITL2BMIN.001/EMIT_L2B_MIN_001_20230219T081011_2305005_041/EMIT_L2B_MIN_001_20230219T081011_2305005_041.nc
EMIT_L2B_MIN_001_20230829T044110_2324103_006,2023-08-29T04:41:10.000Z,2023-08-29T04:41:21.000Z,13,94.9,https://data.lpdaac.earthdatacloud.nasa.gov/lp-prod-protected/EMITL2BMIN.001/EMIT_L2B_MIN_001_20230829T044110_2324103_006/EMIT_L2B_MIN_001_20230829T044110_2324103_006.nc
EMIT_L2B_MIN_001_20231029T044343_2330203_016,2023-10-29T04:43:43.000Z,2023-10-29T04:43:55.000Z,13,99.4,https://data.lpdaac.earthdatacloud.nasa.gov/lp-prod-protected/EMITL2BMIN.001/EMIT_L2B_MIN_001_20231029T044343_2330203_016/EMIT_L2B_MIN_001_20231029T044343_2330203_016.nc
EMIT_L2B_MIN_001_20240519T110830_2414008_015,2024-05-19T11:08:30.000Z,2024-05-19T11:08:42.000Z,13,95.9,https://data.lpdaac.earthdatacloud.nasa.gov/lp-prod-protected/EMITL2BMIN.001/EMIT_L2B_MIN_001_20240519T110830_2414008_015/EMIT_L2B_MIN_001_20240519T110830_2414008_015.nc
EMIT_L2B_MIN_001_20250330T063235_2508904_006,2025-03-30T06:32:35.000Z,2025-03-30T06:32:47.000Z,13,92.7,https://data.lpdaac.earthdatacloud.nasa.gov/lp-prod-protected/EMITL2BMIN.001/EMIT_L2B_MIN_001_20250330T063235_2508904_006/EMIT_L2B_MIN_001_20250330T063235_2508904_006.nc
EMIT_L2B_MIN_001_20260325T075804_2608405_012,2026-03-25T07:58:04.000Z,2026-03-25T07:58:16.000Z,13,93.4,https://data.lpdaac.earthdatacloud.nasa.gov/lp-prod-protected/EMITL2BMIN.001/EMIT_L2B_MIN_001_20260325T075804_2608405_012/EMIT_L2B_MIN_001_20260325T075804_2608405_012.nc
EMIT_L2B_MIN_001_20260425T043815_2611503_009,2026-04-25T04:38:15.000Z,2026-04-25T04:38:27.000Z,13,128.5,https://data.lpdaac.earthdatacloud.nasa.gov/lp-prod-protected/EMITL2BMIN.001/EMIT_L2B_MIN_001_20260425T043815_2611503_009/EMIT_L2B_MIN_001_20260425T043815_2611503_009.nc
EMIT_L2B_MIN_001_20230527T085340_2314706_012,2023-05-27T08:53:40.000Z,2023-05-27T08:53:51.000Z,14,89.6,https://data.lpdaac.earthdatacloud.nasa.gov/lp-prod-protected/EMITL2BMIN.001/EMIT_L2B_MIN_001_20230527T085340_2314706_012/EMIT_L2B_MIN_001_20230527T085340_2314706_012.nc
EMIT_L2B_MIN_001_20230531T071521_2315105_010,2023-05-31T07:15:21.000Z,2023-05-31T07:15:41.000Z,14,160.7,https://data.lpdaac.earthdatacloud.nasa.gov/lp-prod-protected/EMITL2BMIN.001/EMIT_L2B_MIN_001_20230531T071521_2315105_010/EMIT_L2B_MIN_001_20230531T071521_2315105_010.nc
EMIT_L2B_MIN_001_20230624T071156_2317505_039,2023-06-24T07:11:56.000Z,2023-06-24T07:12:07.000Z,14,100.0,https://data.lpdaac.earthdatacloud.nasa.gov/lp-prod-protected/EMITL2BMIN.001/EMIT_L2B_MIN_001_20230624T071156_2317505_039/EMIT_L2B_MIN_001_20230624T071156_2317505_039.nc
EMIT_L2B_MIN_001_20231026T053118_2329904_022,2023-10-26T05:31:18.000Z,2023-10-26T05:31:30.000Z,14,84.7,https://data.lpdaac.earthdatacloud.nasa.gov/lp-prod-protected/EMITL2BMIN.001/EMIT_L2B_MIN_001_20231026T053118_2329904_022/EMIT_L2B_MIN_001_20231026T053118_2329904_022.nc
EMIT_L2B_MIN_001_20231026T053130_2329904_023,2023-10-26T05:31:30.000Z,2023-10-26T05:31:42.000Z,14,93.8,https://data.lpdaac.earthdatacloud.nasa.gov/lp-prod-protected/EMITL2BMIN.001/EMIT_L2B_MIN_001_20231026T053130_2329904_023/EMIT_L2B_MIN_001_20231026T053130_2329904_023.nc
EMIT_L2B_MIN_001_20231221T074720_2335505_006,2023-12-21T07:47:20.000Z,2023-12-21T07:47:32.000Z,14,102.7,https://data.lpdaac.earthdatacloud.nasa.gov/lp-prod-protected/EMITL2BMIN.001/EMIT_L2B_MIN_001_20231221T074720_2335505_006/EMIT_L2B_MIN_001_20231221T074720_2335505_006.nc
EMIT_L2B_MIN_001_20241129T062549_2433405_007,2024-11-29T06:25:49.000Z,2024-11-29T06:26:01.000Z,14,86.9,https://data.lpdaac.earthdatacloud.nasa.gov/lp-prod-protected/EMITL2BMIN.001/EMIT_L2B_MIN_001_20241129T062549_2433405_007/EMIT_L2B_MIN_001_20241129T062549_2433405_007.nc
EMIT_L2B_MIN_001_20250417T082312_2510705_018,2025-04-17T08:23:12.000Z,2025-04-17T08:23:23.000Z,14,103.4,https://data.lpdaac.earthdatacloud.nasa.gov/lp-prod-protected/EMITL2BMIN.001/EMIT_L2B_MIN_001_20250417T082312_2510705_018/EMIT_L2B_MIN_001_20250417T082312_2510705_018.nc
EMIT_L2B_MIN_001_20260131T051030_2603103_009,2026-01-31T05:10:30.000Z,2026-01-31T05:10:42.000Z,14,126.8,https://data.lpdaac.earthdatacloud.nasa.gov/lp-prod-protected/EMITL2BMIN.001/EMIT_L2B_MIN_001_20260131T051030_2603103_009/EMIT_L2B_MIN_001_20260131T051030_2603103_009.nc
EMIT_L2B_MIN_001_20260329T062539_2608804_006,2026-03-29T06:25:39.000Z,2026-03-29T06:25:51.000Z,14,112.3,https://data.lpdaac.earthdatacloud.nasa.gov/lp-prod-protected/EMITL2BMIN.001/EMIT_L2B_MIN_001_20260329T062539_2608804_006/EMIT_L2B_MIN_001_20260329T062539_2608804_006.nc
EMIT_L2B_MIN_001_20230131T071234_2303105_009,2023-01-31T07:12:34.000Z,2023-01-31T07:12:46.000Z,15,102.7,https://data.lpdaac.earthdatacloud.nasa.gov/lp-prod-protected/EMITL2BMIN.001/EMIT_L2B_MIN_001_20230131T071234_2303105_009/EMIT_L2B_MIN_001_20230131T071234_2303105_009.nc
EMIT_L2B_MIN_001_20230323T103641_2308207_013,2023-03-23T10:36:41.000Z,2023-03-23T10:36:56.000Z,15,102.4,https://data.lpdaac.earthdatacloud.nasa.gov/lp-prod-protected/EMITL2BMIN.001/EMIT_L2B_MIN_001_20230323T103641_2308207_013/EMIT_L2B_MIN_001_20230323T103641_2308207_013.nc
EMIT_L2B_MIN_001_20230421T082801_2311106_042,2023-04-21T08:28:01.000Z,2023-04-21T08:28:13.000Z,15,93.9,https://data.lpdaac.earthdatacloud.nasa.gov/lp-prod-protected/EMITL2BMIN.001/EMIT_L2B_MIN_001_20230421T082801_2311106_042/EMIT_L2B_MIN_001_20230421T082801_2311106_042.nc
EMIT_L2B_MIN_001_20231022T070645_2329505_029,2023-10-22T07:06:45.000Z,2023-10-22T07:06:57.000Z,15,100.0,https://data.lpdaac.earthdatacloud.nasa.gov/lp-prod-protected/EMITL2BMIN.001/EMIT_L2B_MIN_001_20231022T070645_2329505_029/EMIT_L2B_MIN_001_20231022T070645_2329505_029.nc
EMIT_L2B_MIN_001_20260520T093132_2614006_027,2026-05-20T09:31:32.000Z,2026-05-20T09:31:44.000Z,15,127.2,https://data.lpdaac.earthdatacloud.nasa.gov/lp-prod-protected/EMITL2BMIN.001/EMIT_L2B_MIN_001_20260520T093132_2614006_027/EMIT_L2B_MIN_001_20260520T093132_2614006_027.nc
EMIT_L2B_MIN_001_20230408T041619_2309803_009,2023-04-08T04:16:19.000Z,2023-04-08T04:16:41.000Z,16,170.8,https://data.lpdaac.earthdatacloud.nasa.gov/lp-prod-protected/EMITL2BMIN.001/EMIT_L2B_MIN_001_20230408T041619_2309803_009/EMIT_L2B_MIN_001_20230408T041619_2309803_009.nc
EMIT_L2B_MIN_001_20231003T061004_2327604_009,2023-10-03T06:10:04.000Z,2023-10-03T06:10:16.000Z,16,89.4,https://data.lpdaac.earthdatacloud.nasa.gov/lp-prod-protected/EMITL2BMIN.001/EMIT_L2B_MIN_001_20231003T061004_2327604_009/EMIT_L2B_MIN_001_20231003T061004_2327604_009.nc
EMIT_L2B_MIN_001_20241017T084109_2429106_016,2024-10-17T08:41:09.000Z,2024-10-17T08:41:20.000Z,16,82.4,https://data.lpdaac.earthdatacloud.nasa.gov/lp-prod-protected/EMITL2BMIN.001/EMIT_L2B_MIN_001_20241017T084109_2429106_016/EMIT_L2B_MIN_001_20241017T084109_2429106_016.nc
EMIT_L2B_MIN_001_20250128T063647_2502805_005,2025-01-28T06:36:47.000Z,2025-01-28T06:36:58.000Z,16,81.4,https://data.lpdaac.earthdatacloud.nasa.gov/lp-prod-protected/EMITL2BMIN.001/EMIT_L2B_MIN_001_20250128T063647_2502805_005/EMIT_L2B_MIN_001_20250128T063647_2502805_005.nc
EMIT_L2B_MIN_001_20250218T073101_2504905_006,2025-02-18T07:31:01.000Z,2025-02-18T07:31:21.000Z,16,174.4,https://data.lpdaac.earthdatacloud.nasa.gov/lp-prod-protected/EMITL2BMIN.001/EMIT_L2B_MIN_001_20250218T073101_2504905_006/EMIT_L2B_MIN_001_20250218T073101_2504905_006.nc
EMIT_L2B_MIN_001_20251002T051029_2527503_011,2025-10-02T05:10:29.000Z,2025-10-02T05:10:41.000Z,16,101.3,https://data.lpdaac.earthdatacloud.nasa.gov/lp-prod-protected/EMITL2BMIN.001/EMIT_L2B_MIN_001_20251002T051029_2527503_011/EMIT_L2B_MIN_001_20251002T051029_2527503_011.nc
EMIT_L2B_MIN_001_20251002T051052_2527503_013,2025-10-02T05:10:52.000Z,2025-10-02T05:11:04.000Z,16,98.6,https://data.lpdaac.earthdatacloud.nasa.gov/lp-prod-protected/EMITL2BMIN.001/EMIT_L2B_MIN_001_20251002T051052_2527503_013/EMIT_L2B_MIN_001_20251002T051052_2527503_013.nc
EMIT_L2B_MIN_001_20260402T045411_2609203_006,2026-04-02T04:54:11.000Z,2026-04-02T04:54:23.000Z,16,125.1,https://data.lpdaac.earthdatacloud.nasa.gov/lp-prod-protected/EMITL2BMIN.001/EMIT_L2B_MIN_001_20260402T045411_2609203_006/EMIT_L2B_MIN_001_20260402T045411_2609203_006.nc
EMIT_L2B_MIN_001_20230302T041412_2306103_010,2023-03-02T04:14:12.000Z,2023-03-02T04:14:24.000Z,17,83.0,https://data.lpdaac.earthdatacloud.nasa.gov/lp-prod-protected/EMITL2BMIN.001/EMIT_L2B_MIN_001_20230302T041412_2306103_010/EMIT_L2B_MIN_001_20230302T041412_2306103_010.nc
EMIT_L2B_MIN_001_20230422T073857_2311205_039,2023-04-22T07:38:57.000Z,2023-04-22T07:39:09.000Z,17,101.4,https://data.lpdaac.earthdatacloud.nasa.gov/lp-prod-protected/EMITL2BMIN.001/EMIT_L2B_MIN_001_20230422T073857_2311205_039/EMIT_L2B_MIN_001_20230422T073857_2311205_039.nc
EMIT_L2B_MIN_001_20230829T044121_2324103_007,2023-08-29T04:41:21.000Z,2023-08-29T04:41:33.000Z,17,91.8,https://data.lpdaac.earthdatacloud.nasa.gov/lp-prod-protected/EMITL2BMIN.001/EMIT_L2B_MIN_001_20230829T044121_2324103_007/EMIT_L2B_MIN_001_20230829T044121_2324103_007.nc
EMIT_L2B_MIN_001_20231030T035545_2330303_006,2023-10-30T03:55:45.000Z,2023-10-30T03:55:56.000Z,17,93.7,https://data.lpdaac.earthdatacloud.nasa.gov/lp-prod-protected/EMITL2BMIN.001/EMIT_L2B_MIN_001_20231030T035545_2330303_006/EMIT_L2B_MIN_001_20231030T035545_2330303_006.nc
EMIT_L2B_MIN_001_20240126T082234_2402606_003,2024-01-26T08:22:34.000Z,2024-01-26T08:22:46.000Z,17,79.2,https://data.lpdaac.earthdatacloud.nasa.gov/lp-prod-protected/EMITL2BMIN.001/EMIT_L2B_MIN_001_20240126T082234_2402606_003/EMIT_L2B_MIN_001_20240126T082234_2402606_003.nc
EMIT_L2B_MIN_001_20240427T043408_2411803_016,2024-04-27T04:34:08.000Z,2024-04-27T04:34:20.000Z,17,86.1,https://data.lpdaac.earthdatacloud.nasa.gov/lp-prod-protected/EMITL2BMIN.001/EMIT_L2B_MIN_001_20240427T043408_2411803_016/EMIT_L2B_MIN_001_20240427T043408_2411803_016.nc
EMIT_L2B_MIN_001_20250531T055930_2515104_007,2025-05-31T05:59:30.000Z,2025-05-31T05:59:42.000Z,17,96.8,https://data.lpdaac.earthdatacloud.nasa.gov/lp-prod-protected/EMITL2BMIN.001/EMIT_L2B_MIN_001_20250531T055930_2515104_007/EMIT_L2B_MIN_001_20250531T055930_2515104_007.nc
EMIT_L2B_MIN_001_20250613T100757_2516406_025,2025-06-13T10:07:57.000Z,2025-06-13T10:08:08.000Z,17,95.7,https://data.lpdaac.earthdatacloud.nasa.gov/lp-prod-protected/EMITL2BMIN.001/EMIT_L2B_MIN_001_20250613T100757_2516406_025/EMIT_L2B_MIN_001_20250613T100757_2516406_025.nc
EMIT_L2B_MIN_001_20260127T064023_2602704_012,2026-01-27T06:40:23.000Z,2026-01-27T06:40:35.000Z,17,97.6,https://data.lpdaac.earthdatacloud.nasa.gov/lp-prod-protected/EMITL2BMIN.001/EMIT_L2B_MIN_001_20260127T064023_2602704_012/EMIT_L2B_MIN_001_20260127T064023_2602704_012.nc
EMIT_L2B_MIN_001_20260215T080529_2604606_006,2026-02-15T08:05:29.000Z,2026-02-15T08:05:40.000Z,17,125.1,https://data.lpdaac.earthdatacloud.nasa.gov/lp-prod-protected/EMITL2BMIN.001/EMIT_L2B_MIN_001_20260215T080529_2604606_006/EMIT_L2B_MIN_001_20260215T080529_2604606_006.nc
EMIT_L2B_MIN_001_20260416T083111_2610605_047,2026-04-16T08:31:11.000Z,2026-04-16T08:31:23.000Z,17,105.7,https://data.lpdaac.earthdatacloud.nasa.gov/lp-prod-protected/EMITL2BMIN.001/EMIT_L2B_MIN_001_20260416T083111_2610605_047/EMIT_L2B_MIN_001_20260416T083111_2610605_047.nc
EMIT_L2B_MIN_001_20230219T080947_2305005_039,2023-02-19T08:09:47.000Z,2023-02-19T08:09:59.000Z,18,78.4,https://data.lpdaac.earthdatacloud.nasa.gov/lp-prod-protected/EMITL2BMIN.001/EMIT_L2B_MIN_001_20230219T080947_2305005_039/EMIT_L2B_MIN_001_20230219T080947_2305005_039.nc
EMIT_L2B_MIN_001_20231025T061927_2329804_032,2023-10-25T06:19:27.000Z,2023-10-25T06:19:39.000Z,18,90.3,https://data.lpdaac.earthdatacloud.nasa.gov/lp-prod-protected/EMITL2BMIN.001/EMIT_L2B_MIN_001_20231025T061927_2329804_032/EMIT_L2B_MIN_001_20231025T061927_2329804_032.nc
EMIT_L2B_MIN_001_20241004T042713_2427803_014,2024-10-04T04:27:13.000Z,2024-10-04T04:27:25.000Z,18,89.3,https://data.lpdaac.earthdatacloud.nasa.gov/lp-prod-protected/EMITL2BMIN.001/EMIT_L2B_MIN_001_20241004T042713_2427803_014/EMIT_L2B_MIN_001_20241004T042713_2427803_014.nc
EMIT_L2B_MIN_001_20260623T050746_2617403_029,2026-06-23T05:07:46.000Z,2026-06-23T05:07:58.000Z,18,133.1,https://data.lpdaac.earthdatacloud.nasa.gov/lp-prod-protected/EMITL2BMIN.001/EMIT_L2B_MIN_001_20260623T050746_2617403_029/EMIT_L2B_MIN_001_20260623T050746_2617403_029.nc
EMIT_L2B_MIN_001_20230425T065001_2311505_039,2023-04-25T06:50:01.000Z,2023-04-25T06:50:12.000Z,19,101.6,https://data.lpdaac.earthdatacloud.nasa.gov/lp-prod-protected/EMITL2BMIN.001/EMIT_L2B_MIN_001_20230425T065001_2311505_039/EMIT_L2B_MIN_001_20230425T065001_2311505_039.nc
EMIT_L2B_MIN_001_20230426T060153_2311604_031,2023-04-26T06:01:53.000Z,2023-04-26T06:02:05.000Z,19,95.9,https://data.lpdaac.earthdatacloud.nasa.gov/lp-prod-protected/EMITL2BMIN.001/EMIT_L2B_MIN_001_20230426T060153_2311604_031/EMIT_L2B_MIN_001_20230426T060153_2311604_031.nc
EMIT_L2B_MIN_001_20230629T044423_2318003_024,2023-06-29T04:44:23.000Z,2023-06-29T04:44:35.000Z,19,100.6,https://data.lpdaac.earthdatacloud.nasa.gov/lp-prod-protected/EMITL2BMIN.001/EMIT_L2B_MIN_001_20230629T044423_2318003_024/EMIT_L2B_MIN_001_20230629T044423_2318003_024.nc
EMIT_L2B_MIN_001_20231025T062027_2329804_037,2023-10-25T06:20:27.000Z,2023-10-25T06:20:39.000Z,19,96.2,https://data.lpdaac.earthdatacloud.nasa.gov/lp-prod-protected/EMITL2BMIN.001/EMIT_L2B_MIN_001_20231025T062027_2329804_037/EMIT_L2B_MIN_001_20231025T062027_2329804_037.nc
EMIT_L2B_MIN_001_20240429T043310_2412003_006,2024-04-29T04:33:10.000Z,2024-04-29T04:33:22.000Z,19,90.3,https://data.lpdaac.earthdatacloud.nasa.gov/lp-prod-protected/EMITL2BMIN.001/EMIT_L2B_MIN_001_20240429T043310_2412003_006/EMIT_L2B_MIN_001_20240429T043310_2412003_006.nc
EMIT_L2B_MIN_001_20251020T070159_2529305_001,2025-10-20T07:01:59.000Z,2025-10-20T07:02:11.000Z,19,96.2,https://data.lpdaac.earthdatacloud.nasa.gov/lp-prod-protected/EMITL2BMIN.001/EMIT_L2B_MIN_001_20251020T070159_2529305_001/EMIT_L2B_MIN_001_20251020T070159_2529305_001.nc
EMIT_L2B_MIN_001_20230219T080924_2305005_037,2023-02-19T08:09:24.000Z,2023-02-19T08:09:36.000Z,20,91.4,https://data.lpdaac.earthdatacloud.nasa.gov/lp-prod-protected/EMITL2BMIN.001/EMIT_L2B_MIN_001_20230219T080924_2305005_037/EMIT_L2B_MIN_001_20230219T080924_2305005_037.nc
EMIT_L2B_MIN_001_20230407T050401_2309704_010,2023-04-07T05:04:01.000Z,2023-04-07T05:04:13.000Z,20,103.0,https://data.lpdaac.earthdatacloud.nasa.gov/lp-prod-protected/EMITL2BMIN.001/EMIT_L2B_MIN_001_20230407T050401_2309704_010/EMIT_L2B_MIN_001_20230407T050401_2309704_010.nc
EMIT_L2B_MIN_001_20230531T071559_2315105_011,2023-05-31T07:15:59.000Z,2023-05-31T07:16:11.000Z,20,91.5,https://data.lpdaac.earthdatacloud.nasa.gov/lp-prod-protected/EMITL2BMIN.001/EMIT_L2B_MIN_001_20230531T071559_2315105_011/EMIT_L2B_MIN_001_20230531T071559_2315105_011.nc
EMIT_L2B_MIN_001_20241004T042626_2427803_010,2024-10-04T04:26:26.000Z,2024-10-04T04:26:38.000Z,20,83.7,https://data.lpdaac.earthdatacloud.nasa.gov/lp-prod-protected/EMITL2BMIN.001/EMIT_L2B_MIN_001_20241004T042626_2427803_010/EMIT_L2B_MIN_001_20241004T042626_2427803_010.nc
EMIT_L2B_MIN_001_20230418T091549_2310806_040,2023-04-18T09:15:49.000Z,2023-04-18T09:16:01.000Z,21,101.9,https://data.lpdaac.earthdatacloud.nasa.gov/lp-prod-protected/EMITL2BMIN.001/EMIT_L2B_MIN_001_20230418T091549_2310806_040/EMIT_L2B_MIN_001_20230418T091549_2310806_040.nc
EMIT_L2B_MIN_001_20230418T091648_2310806_045,2023-04-18T09:16:48.000Z,2023-04-18T09:17:06.000Z,21,147.1,https://data.lpdaac.earthdatacloud.nasa.gov/lp-prod-protected/EMITL2BMIN.001/EMIT_L2B_MIN_001_20230418T091648_2310806_045/EMIT_L2B_MIN_001_20230418T091648_2310806_045.nc
EMIT_L2B_MIN_001_20230426T060205_2311604_032,2023-04-26T06:02:05.000Z,2023-04-26T06:02:17.000Z,21,93.8,https://data.lpdaac.earthdatacloud.nasa.gov/lp-prod-protected/EMITL2BMIN.001/EMIT_L2B_MIN_001_20230426T060205_2311604_032/EMIT_L2B_MIN_001_20230426T060205_2311604_032.nc
EMIT_L2B_MIN_001_20240224T061016_2405504_011,2024-02-24T06:10:16.000Z,2024-02-24T06:10:39.000Z,21,186.5,https://data.lpdaac.earthdatacloud.nasa.gov/lp-prod-protected/EMITL2BMIN.001/EMIT_L2B_MIN_001_20240224T061016_2405504_011/EMIT_L2B_MIN_001_20240224T061016_2405504_011.nc
EMIT_L2B_MIN_001_20240426T052424_2411704_011,2024-04-26T05:24:24.000Z,2024-04-26T05:24:36.000Z,21,89.9,https://data.lpdaac.earthdatacloud.nasa.gov/lp-prod-protected/EMITL2BMIN.001/EMIT_L2B_MIN_001_20240426T052424_2411704_011/EMIT_L2B_MIN_001_20240426T052424_2411704_011.nc
EMIT_L2B_MIN_001_20260520T093120_2614006_026,2026-05-20T09:31:20.000Z,2026-05-20T09:31:32.000Z,21,116.8,https://data.lpdaac.earthdatacloud.nasa.gov/lp-prod-protected/EMITL2BMIN.001/EMIT_L2B_MIN_001_20260520T093120_2614006_026/EMIT_L2B_MIN_001_20260520T093120_2614006_026.nc
EMIT_L2B_MIN_001_20240216T092521_2404706_009,2024-02-16T09:25:21.000Z,2024-02-16T09:25:33.000Z,22,88.0,https://data.lpdaac.earthdatacloud.nasa.gov/lp-prod-protected/EMITL2BMIN.001/EMIT_L2B_MIN_001_20240216T092521_2404706_009/EMIT_L2B_MIN_001_20240216T092521_2404706_009.nc
EMIT_L2B_MIN_001_20240401T061034_2409204_003,2024-04-01T06:10:34.000Z,2024-04-01T06:10:46.000Z,22,83.3,https://data.lpdaac.earthdatacloud.nasa.gov/lp-prod-protected/EMITL2BMIN.001/EMIT_L2B_MIN_001_20240401T061034_2409204_003/EMIT_L2B_MIN_001_20240401T061034_2409204_003.nc
EMIT_L2B_MIN_001_20250131T054746_2503104_010,2025-01-31T05:47:46.000Z,2025-01-31T05:47:58.000Z,22,96.6,https://data.lpdaac.earthdatacloud.nasa.gov/lp-prod-protected/EMITL2BMIN.001/EMIT_L2B_MIN_001_20250131T054746_2503104_010/EMIT_L2B_MIN_001_20250131T054746_2503104_010.nc
EMIT_L2B_MIN_001_20250201T045848_2503204_011,2025-02-01T04:58:48.000Z,2025-02-01T04:59:00.000Z,22,85.6,https://data.lpdaac.earthdatacloud.nasa.gov/lp-prod-protected/EMITL2BMIN.001/EMIT_L2B_MIN_001_20250201T045848_2503204_011/EMIT_L2B_MIN_001_20250201T045848_2503204_011.nc
EMIT_L2B_MIN_001_20230223T063517_2305404_032,2023-02-23T06:35:17.000Z,2023-02-23T06:35:29.000Z,23,77.2,https://data.lpdaac.earthdatacloud.nasa.gov/lp-prod-protected/EMITL2BMIN.001/EMIT_L2B_MIN_001_20230223T063517_2305404_032/EMIT_L2B_MIN_001_20230223T063517_2305404_032.nc
EMIT_L2B_MIN_001_20230404T055050_2309404_007,2023-04-04T05:50:50.000Z,2023-04-04T05:51:02.000Z,23,92.8,https://data.lpdaac.earthdatacloud.nasa.gov/lp-prod-protected/EMITL2BMIN.001/EMIT_L2B_MIN_001_20230404T055050_2309404_007/EMIT_L2B_MIN_001_20230404T055050_2309404_007.nc
EMIT_L2B_MIN_001_20230625T062255_2317604_038,2023-06-25T06:22:55.000Z,2023-06-25T06:23:07.000Z,23,102.4,https://data.lpdaac.earthdatacloud.nasa.gov/lp-prod-protected/EMITL2BMIN.001/EMIT_L2B_MIN_001_20230625T062255_2317604_038/EMIT_L2B_MIN_001_20230625T062255_2317604_038.nc
EMIT_L2B_MIN_001_20230628T053324_2317904_030,2023-06-28T05:33:24.000Z,2023-06-28T05:33:35.000Z,23,100.4,https://data.lpdaac.earthdatacloud.nasa.gov/lp-prod-protected/EMITL2BMIN.001/EMIT_L2B_MIN_001_20230628T053324_2317904_030/EMIT_L2B_MIN_001_20230628T053324_2317904_030.nc
EMIT_L2B_MIN_001_20231025T061939_2329804_033,2023-10-25T06:19:39.000Z,2023-10-25T06:19:51.000Z,23,81.7,https://data.lpdaac.earthdatacloud.nasa.gov/lp-prod-protected/EMITL2BMIN.001/EMIT_L2B_MIN_001_20231025T061939_2329804_033/EMIT_L2B_MIN_001_20231025T061939_2329804_033.nc
EMIT_L2B_MIN_001_20240612T105355_2416407_007,2024-06-12T10:53:55.000Z,2024-06-12T10:54:07.000Z,23,106.0,https://data.lpdaac.earthdatacloud.nasa.gov/lp-prod-protected/EMITL2BMIN.001/EMIT_L2B_MIN_001_20240612T105355_2416407_007/EMIT_L2B_MIN_001_20240612T105355_2416407_007.nc
EMIT_L2B_MIN_001_20250131T054734_2503104_009,2025-01-31T05:47:34.000Z,2025-01-31T05:47:46.000Z,23,101.7,https://data.lpdaac.earthdatacloud.nasa.gov/lp-prod-protected/EMITL2BMIN.001/EMIT_L2B_MIN_001_20250131T054734_2503104_009/EMIT_L2B_MIN_001_20250131T054734_2503104_009.nc
EMIT_L2B_MIN_001_20250330T063247_2508904_007,2025-03-30T06:32:47.000Z,2025-03-30T06:33:06.000Z,23,143.7,https://data.lpdaac.earthdatacloud.nasa.gov/lp-prod-protected/EMITL2BMIN.001/EMIT_L2B_MIN_001_20250330T063247_2508904_007/EMIT_L2B_MIN_001_20250330T063247_2508904_007.nc
EMIT_L2B_MIN_001_20260619T064144_2617004_041,2026-06-19T06:41:44.000Z,2026-06-19T06:41:56.000Z,23,128.5,https://data.lpdaac.earthdatacloud.nasa.gov/lp-prod-protected/EMITL2BMIN.001/EMIT_L2B_MIN_001_20260619T064144_2617004_041/EMIT_L2B_MIN_001_20260619T064144_2617004_041.nc
EMIT_L2B_MIN_001_20230422T073909_2311205_040,2023-04-22T07:39:09.000Z,2023-04-22T07:39:21.000Z,24,96.3,https://data.lpdaac.earthdatacloud.nasa.gov/lp-prod-protected/EMITL2BMIN.001/EMIT_L2B_MIN_001_20230422T073909_2311205_040/EMIT_L2B_MIN_001_20230422T073909_2311205_040.nc
EMIT_L2B_MIN_001_20251020T070211_2529305_002,2025-10-20T07:02:11.000Z,2025-10-20T07:02:23.000Z,24,92.0,https://data.lpdaac.earthdatacloud.nasa.gov/lp-prod-protected/EMITL2BMIN.001/EMIT_L2B_MIN_001_20251020T070211_2529305_002/EMIT_L2B_MIN_001_20251020T070211_2529305_002.nc
EMIT_L2B_MIN_001_20220831T043510_2224303_010,2022-08-31T04:35:10.000Z,2022-08-31T04:35:22.000Z,25,78.7,https://data.lpdaac.earthdatacloud.nasa.gov/lp-prod-protected/EMITL2BMIN.001/EMIT_L2B_MIN_001_20220831T043510_2224303_010/EMIT_L2B_MIN_001_20220831T043510_2224303_010.nc
EMIT_L2B_MIN_001_20230219T080959_2305005_040,2023-02-19T08:09:59.000Z,2023-02-19T08:10:11.000Z,25,78.6,https://data.lpdaac.earthdatacloud.nasa.gov/lp-prod-protected/EMITL2BMIN.001/EMIT_L2B_MIN_001_20230219T080959_2305005_040/EMIT_L2B_MIN_001_20230219T080959_2305005_040.nc
EMIT_L2B_MIN_001_20230421T082813_2311106_043,2023-04-21T08:28:13.000Z,2023-04-21T08:28:25.000Z,25,94.8,https://data.lpdaac.earthdatacloud.nasa.gov/lp-prod-protected/EMITL2BMIN.001/EMIT_L2B_MIN_001_20230421T082813_2311106_043/EMIT_L2B_MIN_001_20230421T082813_2311106_043.nc
EMIT_L2B_MIN_001_20230527T085252_2314706_008,2023-05-27T08:52:52.000Z,2023-05-27T08:53:04.000Z,25,100.4,https://data.lpdaac.earthdatacloud.nasa.gov/lp-prod-protected/EMITL2BMIN.001/EMIT_L2B_MIN_001_20230527T085252_2314706_008/EMIT_L2B_MIN_001_20230527T085252_2314706_008.nc
EMIT_L2B_MIN_001_20230901T035303_2324403_019,2023-09-01T03:53:03.000Z,2023-09-01T03:53:15.000Z,26,86.4,https://data.lpdaac.earthdatacloud.nasa.gov/lp-prod-protected/EMITL2BMIN.001/EMIT_L2B_MIN_001_20230901T035303_2324403_019/EMIT_L2B_MIN_001_20230901T035303_2324403_019.nc
EMIT_L2B_MIN_001_20231022T070720_2329505_032,2023-10-22T07:07:20.000Z,2023-10-22T07:07:39.000Z,26,146.0,https://data.lpdaac.earthdatacloud.nasa.gov/lp-prod-protected/EMITL2BMIN.001/EMIT_L2B_MIN_001_20231022T070720_2329505_032/EMIT_L2B_MIN_001_20231022T070720_2329505_032.nc
EMIT_L2B_MIN_001_20240610T024345_2416202_004,2024-06-10T02:43:45.000Z,2024-06-10T02:43:57.000Z,26,107.1,https://data.lpdaac.earthdatacloud.nasa.gov/lp-prod-protected/EMITL2BMIN.001/EMIT_L2B_MIN_001_20240610T024345_2416202_004/EMIT_L2B_MIN_001_20240610T024345_2416202_004.nc
EMIT_L2B_MIN_001_20250925T073411_2526805_012,2025-09-25T07:34:11.000Z,2025-09-25T07:34:31.000Z,26,159.8,https://data.lpdaac.earthdatacloud.nasa.gov/lp-prod-protected/EMITL2BMIN.001/EMIT_L2B_MIN_001_20250925T073411_2526805_012/EMIT_L2B_MIN_001_20250925T073411_2526805_012.nc
EMIT_L2B_MIN_001_20260131T051132_2603103_011,2026-01-31T05:11:32.000Z,2026-01-31T05:11:44.000Z,26,112.5,https://data.lpdaac.earthdatacloud.nasa.gov/lp-prod-protected/EMITL2BMIN.001/EMIT_L2B_MIN_001_20260131T051132_2603103_011/EMIT_L2B_MIN_001_20260131T051132_2603103_011.nc
EMIT_L2B_MIN_001_20260623T050758_2617403_030,2026-06-23T05:07:58.000Z,2026-06-23T05:08:19.000Z,26,182.4,https://data.lpdaac.earthdatacloud.nasa.gov/lp-prod-protected/EMITL2BMIN.001/EMIT_L2B_MIN_001_20260623T050758_2617403_030/EMIT_L2B_MIN_001_20260623T050758_2617403_030.nc
EMIT_L2B_MIN_001_20230408T041555_2309803_007,2023-04-08T04:15:55.000Z,2023-04-08T04:16:07.000Z,27,94.5,https://data.lpdaac.earthdatacloud.nasa.gov/lp-prod-protected/EMITL2BMIN.001/EMIT_L2B_MIN_001_20230408T041555_2309803_007/EMIT_L2B_MIN_001_20230408T041555_2309803_007.nc
EMIT_L2B_MIN_001_20230527T085351_2314706_013,2023-05-27T08:53:51.000Z,2023-05-27T08:54:03.000Z,27,83.2,https://data.lpdaac.earthdatacloud.nasa.gov/lp-prod-protected/EMITL2BMIN.001/EMIT_L2B_MIN_001_20230527T085351_2314706_013/EMIT_L2B_MIN_001_20230527T085351_2314706_013.nc
EMIT_L2B_MIN_001_20241017T084045_2429106_014,2024-10-17T08:40:45.000Z,2024-10-17T08:40:57.000Z,27,91.8,https://data.lpdaac.earthdatacloud.nasa.gov/lp-prod-protected/EMITL2BMIN.001/EMIT_L2B_MIN_001_20241017T084045_2429106_014/EMIT_L2B_MIN_001_20241017T084045_2429106_014.nc
EMIT_L2B_MIN_001_20250330T063223_2508904_005,2025-03-30T06:32:23.000Z,2025-03-30T06:32:35.000Z,27,99.4,https://data.lpdaac.earthdatacloud.nasa.gov/lp-prod-protected/EMITL2BMIN.001/EMIT_L2B_MIN_001_20250330T063223_2508904_005/EMIT_L2B_MIN_001_20250330T063223_2508904_005.nc
EMIT_L2B_MIN_001_20251215T080903_2534906_014,2025-12-15T08:09:03.000Z,2025-12-15T08:09:15.000Z,27,98.5,https://data.lpdaac.earthdatacloud.nasa.gov/lp-prod-protected/EMITL2BMIN.001/EMIT_L2B_MIN_001_20251215T080903_2534906_014/EMIT_L2B_MIN_001_20251215T080903_2534906_014.nc
EMIT_L2B_MIN_001_20230204T053555_2303504_004,2023-02-04T05:35:55.000Z,2023-02-04T05:36:07.000Z,28,75.4,https://data.lpdaac.earthdatacloud.nasa.gov/lp-prod-protected/EMITL2BMIN.001/EMIT_L2B_MIN_001_20230204T053555_2303504_004/EMIT_L2B_MIN_001_20230204T053555_2303504_004.nc
EMIT_L2B_MIN_001_20230408T041607_2309803_008,2023-04-08T04:16:07.000Z,2023-04-08T04:16:19.000Z,28,94.2,https://data.lpdaac.earthdatacloud.nasa.gov/lp-prod-protected/EMITL2BMIN.001/EMIT_L2B_MIN_001_20230408T041607_2309803_008/EMIT_L2B_MIN_001_20230408T041607_2309803_008.nc
EMIT_L2B_MIN_001_20230806T051558_2321804_011,2023-08-06T05:15:58.000Z,2023-08-06T05:16:09.000Z,28,91.6,https://data.lpdaac.earthdatacloud.nasa.gov/lp-prod-protected/EMITL2BMIN.001/EMIT_L2B_MIN_001_20230806T051558_2321804_011/EMIT_L2B_MIN_001_20230806T051558_2321804_011.nc
EMIT_L2B_MIN_001_20231030T035533_2330303_005,2023-10-30T03:55:33.000Z,2023-10-30T03:55:45.000Z,28,92.1,https://data.lpdaac.earthdatacloud.nasa.gov/lp-prod-protected/EMITL2BMIN.001/EMIT_L2B_MIN_001_20231030T035533_2330303_005/EMIT_L2B_MIN_001_20231030T035533_2330303_005.nc
EMIT_L2B_MIN_001_20240225T052304_2405604_002,2024-02-25T05:23:04.000Z,2024-02-25T05:23:24.000Z,28,144.5,https://data.lpdaac.earthdatacloud.nasa.gov/lp-prod-protected/EMITL2BMIN.001/EMIT_L2B_MIN_001_20240225T052304_2405604_002/EMIT_L2B_MIN_001_20240225T052304_2405604_002.nc
EMIT_L2B_MIN_001_20240610T024408_2416202_006,2024-06-10T02:44:08.000Z,2024-06-10T02:44:20.000Z,28,107.3,https://data.lpdaac.earthdatacloud.nasa.gov/lp-prod-protected/EMITL2BMIN.001/EMIT_L2B_MIN_001_20240610T024408_2416202_006/EMIT_L2B_MIN_001_20240610T024408_2416202_006.nc
EMIT_L2B_MIN_001_20250603T051026_2515404_006,2025-06-03T05:10:26.000Z,2025-06-03T05:10:46.000Z,28,168.1,https://data.lpdaac.earthdatacloud.nasa.gov/lp-prod-protected/EMITL2BMIN.001/EMIT_L2B_MIN_001_20250603T051026_2515404_006/EMIT_L2B_MIN_001_20250603T051026_2515404_006.nc
EMIT_L2B_MIN_001_20250928T064519_2527104_011,2025-09-28T06:45:19.000Z,2025-09-28T06:45:39.000Z,28,152.4,https://data.lpdaac.earthdatacloud.nasa.gov/lp-prod-protected/EMITL2BMIN.001/EMIT_L2B_MIN_001_20250928T064519_2527104_011/EMIT_L2B_MIN_001_20250928T064519_2527104_011.nc
EMIT_L2B_MIN_001_20230607T044618_2315803_003,2023-06-07T04:46:18.000Z,2023-06-07T04:46:30.000Z,29,99.3,https://data.lpdaac.earthdatacloud.nasa.gov/lp-prod-protected/EMITL2BMIN.001/EMIT_L2B_MIN_001_20230607T044618_2315803_003/EMIT_L2B_MIN_001_20230607T044618_2315803_003.nc
EMIT_L2B_MIN_001_20230621T080139_2317205_045,2023-06-21T08:01:39.000Z,2023-06-21T08:01:51.000Z,29,98.3,https://data.lpdaac.earthdatacloud.nasa.gov/lp-prod-protected/EMITL2BMIN.001/EMIT_L2B_MIN_001_20230621T080139_2317205_045/EMIT_L2B_MIN_001_20230621T080139_2317205_045.nc
EMIT_L2B_MIN_001_20230929T074522_2327205_008,2023-09-29T07:45:22.000Z,2023-09-29T07:45:34.000Z,29,97.2,https://data.lpdaac.earthdatacloud.nasa.gov/lp-prod-protected/EMITL2BMIN.001/EMIT_L2B_MIN_001_20230929T074522_2327205_008/EMIT_L2B_MIN_001_20230929T074522_2327205_008.nc
EMIT_L2B_MIN_001_20250531T055734_2515104_001,2025-05-31T05:57:34.000Z,2025-05-31T05:57:46.000Z,29,102.8,https://data.lpdaac.earthdatacloud.nasa.gov/lp-prod-protected/EMITL2BMIN.001/EMIT_L2B_MIN_001_20250531T055734_2515104_001/EMIT_L2B_MIN_001_20250531T055734_2515104_001.nc
EMIT_L2B_MIN_001_20230226T054813_2305704_027,2023-02-26T05:48:13.000Z,2023-02-26T05:48:25.000Z,30,98.1,https://data.lpdaac.earthdatacloud.nasa.gov/lp-prod-protected/EMITL2BMIN.001/EMIT_L2B_MIN_001_20230226T054813_2305704_027/EMIT_L2B_MIN_001_20230226T054813_2305704_027.nc
EMIT_L2B_MIN_001_20230929T074534_2327205_009,2023-09-29T07:45:34.000Z,2023-09-29T07:45:46.000Z,30,95.7,https://data.lpdaac.earthdatacloud.nasa.gov/lp-prod-protected/EMITL2BMIN.001/EMIT_L2B_MIN_001_20230929T074534_2327205_009/EMIT_L2B_MIN_001_20230929T074534_2327205_009.nc
EMIT_L2B_MIN_001_20240422T070229_2411305_012,2024-04-22T07:02:29.000Z,2024-04-22T07:02:49.000Z,30,172.6,https://data.lpdaac.earthdatacloud.nasa.gov/lp-prod-protected/EMITL2BMIN.001/EMIT_L2B_MIN_001_20240422T070229_2411305_012/EMIT_L2B_MIN_001_20240422T070229_2411305_012.nc
EMIT_L2B_MIN_001_20241018T075236_2429205_003,2024-10-18T07:52:36.000Z,2024-10-18T07:52:56.000Z,30,153.5,https://data.lpdaac.earthdatacloud.nasa.gov/lp-prod-protected/EMITL2BMIN.001/EMIT_L2B_MIN_001_20241018T075236_2429205_003/EMIT_L2B_MIN_001_20241018T075236_2429205_003.nc
EMIT_L2B_MIN_001_20260215T080540_2604606_007,2026-02-15T08:05:40.000Z,2026-02-15T08:05:56.000Z,30,150.4,https://data.lpdaac.earthdatacloud.nasa.gov/lp-prod-protected/EMITL2BMIN.001/EMIT_L2B_MIN_001_20260215T080540_2604606_007/EMIT_L2B_MIN_001_20260215T080540_2604606_007.nc
EMIT_L2B_MIN_001_20240427T043420_2411803_017,2024-04-27T04:34:20.000Z,2024-04-27T04:34:32.000Z,31,85.7,https://data.lpdaac.earthdatacloud.nasa.gov/lp-prod-protected/EMITL2BMIN.001/EMIT_L2B_MIN_001_20240427T043420_2411803_017/EMIT_L2B_MIN_001_20240427T043420_2411803_017.nc
EMIT_L2B_MIN_001_20240612T105419_2416407_009,2024-06-12T10:54:19.000Z,2024-06-12T10:54:31.000Z,31,100.9,https://data.lpdaac.earthdatacloud.nasa.gov/lp-prod-protected/EMITL2BMIN.001/EMIT_L2B_MIN_001_20240612T105419_2416407_009/EMIT_L2B_MIN_001_20240612T105419_2416407_009.nc
EMIT_L2B_MIN_001_20241004T042650_2427803_012,2024-10-04T04:26:50.000Z,2024-10-04T04:27:01.000Z,31,85.7,https://data.lpdaac.earthdatacloud.nasa.gov/lp-prod-protected/EMITL2BMIN.001/EMIT_L2B_MIN_001_20241004T042650_2427803_012/EMIT_L2B_MIN_001_20241004T042650_2427803_012.nc
EMIT_L2B_MIN_001_20250330T063211_2508904_004,2025-03-30T06:32:11.000Z,2025-03-30T06:32:23.000Z,31,97.8,https://data.lpdaac.earthdatacloud.nasa.gov/lp-prod-protected/EMITL2BMIN.001/EMIT_L2B_MIN_001_20250330T063211_2508904_004/EMIT_L2B_MIN_001_20250330T063211_2508904_004.nc
EMIT_L2B_MIN_001_20230425T064949_2311505_038,2023-04-25T06:49:49.000Z,2023-04-25T06:50:01.000Z,32,103.4,https://data.lpdaac.earthdatacloud.nasa.gov/lp-prod-protected/EMITL2BMIN.001/EMIT_L2B_MIN_001_20230425T064949_2311505_038/EMIT_L2B_MIN_001_20230425T064949_2311505_038.nc
EMIT_L2B_MIN_001_20231221T074732_2335505_007,2023-12-21T07:47:32.000Z,2023-12-21T07:47:48.000Z,32,133.5,https://data.lpdaac.earthdatacloud.nasa.gov/lp-prod-protected/EMITL2BMIN.001/EMIT_L2B_MIN_001_20231221T074732_2335505_007/EMIT_L2B_MIN_001_20231221T074732_2335505_007.nc
EMIT_L2B_MIN_001_20240126T082026_2402606_002,2024-01-26T08:20:26.000Z,2024-01-26T08:20:46.000Z,32,136.1,https://data.lpdaac.earthdatacloud.nasa.gov/lp-prod-protected/EMITL2BMIN.001/EMIT_L2B_MIN_001_20240126T082026_2402606_002/EMIT_L2B_MIN_001_20240126T082026_2402606_002.nc
EMIT_L2B_MIN_001_20240519T110655_2414008_007,2024-05-19T11:06:55.000Z,2024-05-19T11:07:07.000Z,32,99.9,https://data.lpdaac.earthdatacloud.nasa.gov/lp-prod-protected/EMITL2BMIN.001/EMIT_L2B_MIN_001_20240519T110655_2414008_007/EMIT_L2B_MIN_001_20240519T110655_2414008_007.nc
EMIT_L2B_MIN_001_20250527T073535_2514705_006,2025-05-27T07:35:35.000Z,2025-05-27T07:35:47.000Z,32,107.1,https://data.lpdaac.earthdatacloud.nasa.gov/lp-prod-protected/EMITL2BMIN.001/EMIT_L2B_MIN_001_20250527T073535_2514705_006/EMIT_L2B_MIN_001_20250527T073535_2514705_006.nc
EMIT_L2B_MIN_001_20260420T065824_2611004_031,2026-04-20T06:58:24.000Z,2026-04-20T06:58:36.000Z,32,123.4,https://data.lpdaac.earthdatacloud.nasa.gov/lp-prod-protected/EMITL2BMIN.001/EMIT_L2B_MIN_001_20260420T065824_2611004_031/EMIT_L2B_MIN_001_20260420T065824_2611004_031.nc
EMIT_L2B_MIN_001_20230421T082725_2311106_039,2023-04-21T08:27:25.000Z,2023-04-21T08:27:37.000Z,33,98.3,https://data.lpdaac.earthdatacloud.nasa.gov/lp-prod-protected/EMITL2BMIN.001/EMIT_L2B_MIN_001_20230421T082725_2311106_039/EMIT_L2B_MIN_001_20230421T082725_2311106_039.nc
EMIT_L2B_MIN_001_20230817T092737_2322906_039,2023-08-17T09:27:37.000Z,2023-08-17T09:27:49.000Z,33,92.6,https://data.lpdaac.earthdatacloud.nasa.gov/lp-prod-protected/EMITL2BMIN.001/EMIT_L2B_MIN_001_20230817T092737_2322906_039/EMIT_L2B_MIN_001_20230817T092737_2322906_039.nc
EMIT_L2B_MIN_001_20240426T052313_2411704_005,2024-04-26T05:23:13.000Z,2024-04-26T05:23:25.000Z,33,102.5,https://data.lpdaac.earthdatacloud.nasa.gov/lp-prod-protected/EMITL2BMIN.001/EMIT_L2B_MIN_001_20240426T052313_2411704_005/EMIT_L2B_MIN_001_20240426T052313_2411704_005.nc
EMIT_L2B_MIN_001_20250531T055918_2515104_006,2025-05-31T05:59:18.000Z,2025-05-31T05:59:30.000Z,33,98.4,https://data.lpdaac.earthdatacloud.nasa.gov/lp-prod-protected/EMITL2BMIN.001/EMIT_L2B_MIN_001_20250531T055918_2515104_006/EMIT_L2B_MIN_001_20250531T055918_2515104_006.nc
EMIT_L2B_MIN_001_20230131T071246_2303105_010,2023-01-31T07:12:46.000Z,2023-01-31T07:12:58.000Z,34,101.9,https://data.lpdaac.earthdatacloud.nasa.gov/lp-prod-protected/EMITL2BMIN.001/EMIT_L2B_MIN_001_20230131T071246_2303105_010/EMIT_L2B_MIN_001_20230131T071246_2303105_010.nc
EMIT_L2B_MIN_001_20250928T064607_2527104_012,2025-09-28T06:46:07.000Z,2025-09-28T06:46:19.000Z,34,87.6,https://data.lpdaac.earthdatacloud.nasa.gov/lp-prod-protected/EMITL2BMIN.001/EMIT_L2B_MIN_001_20250928T064607_2527104_012/EMIT_L2B_MIN_001_20250928T064607_2527104_012.nc
EMIT_L2B_MIN_001_20230422T073956_2311205_044,2023-04-22T07:39:56.000Z,2023-04-22T07:40:14.000Z,35,144.0,https://data.lpdaac.earthdatacloud.nasa.gov/lp-prod-protected/EMITL2BMIN.001/EMIT_L2B_MIN_001_20230422T073956_2311205_044/EMIT_L2B_MIN_001_20230422T073956_2311205_044.nc
EMIT_L2B_MIN_001_20240225T052252_2405604_001,2024-02-25T05:22:52.000Z,2024-02-25T05:23:04.000Z,35,89.3,https://data.lpdaac.earthdatacloud.nasa.gov/lp-prod-protected/EMITL2BMIN.001/EMIT_L2B_MIN_001_20240225T052252_2405604_001/EMIT_L2B_MIN_001_20240225T052252_2405604_001.nc
EMIT_L2B_MIN_001_20241004T042701_2427803_013,2024-10-04T04:27:01.000Z,2024-10-04T04:27:13.000Z,35,84.9,https://data.lpdaac.earthdatacloud.nasa.gov/lp-prod-protected/EMITL2BMIN.001/EMIT_L2B_MIN_001_20241004T042701_2427803_013/EMIT_L2B_MIN_001_20241004T042701_2427803_013.nc
EMIT_L2B_MIN_001_20230327T090017_2308606_005,2023-03-27T09:00:17.000Z,2023-03-27T09:00:29.000Z,36,93.2,https://data.lpdaac.earthdatacloud.nasa.gov/lp-prod-protected/EMITL2BMIN.001/EMIT_L2B_MIN_001_20230327T090017_2308606_005/EMIT_L2B_MIN_001_20230327T090017_2308606_005.nc
EMIT_L2B_MIN_001_20230403T063832_2309305_008,2023-04-03T06:38:32.000Z,2023-04-03T06:38:44.000Z,37,105.4,https://data.lpdaac.earthdatacloud.nasa.gov/lp-prod-protected/EMITL2BMIN.001/EMIT_L2B_MIN_001_20230403T063832_2309305_008/EMIT_L2B_MIN_001_20230403T063832_2309305_008.nc
EMIT_L2B_MIN_001_20230408T041532_2309803_005,2023-04-08T04:15:32.000Z,2023-04-08T04:15:43.000Z,37,92.9,https://data.lpdaac.earthdatacloud.nasa.gov/lp-prod-protected/EMITL2BMIN.001/EMIT_L2B_MIN_001_20230408T041532_2309803_005/EMIT_L2B_MIN_001_20230408T041532_2309803_005.nc
EMIT_L2B_MIN_001_20230929T074558_2327205_011,2023-09-29T07:45:58.000Z,2023-09-29T07:46:10.000Z,37,97.9,https://data.lpdaac.earthdatacloud.nasa.gov/lp-prod-protected/EMITL2BMIN.001/EMIT_L2B_MIN_001_20230929T074558_2327205_011/EMIT_L2B_MIN_001_20230929T074558_2327205_011.nc
EMIT_L2B_MIN_001_20240628T042947_2418003_002,2024-06-28T04:29:47.000Z,2024-06-28T04:29:59.000Z,37,100.6,https://data.lpdaac.earthdatacloud.nasa.gov/lp-prod-protected/EMITL2BMIN.001/EMIT_L2B_MIN_001_20240628T042947_2418003_002/EMIT_L2B_MIN_001_20240628T042947_2418003_002.nc
EMIT_L2B_MIN_001_20260520T093045_2614006_023,2026-05-20T09:30:45.000Z,2026-05-20T09:30:56.000Z,37,123.6,https://data.lpdaac.earthdatacloud.nasa.gov/lp-prod-protected/EMITL2BMIN.001/EMIT_L2B_MIN_001_20260520T093045_2614006_023/EMIT_L2B_MIN_001_20260520T093045_2614006_023.nc
EMIT_L2B_MIN_001_20230226T054801_2305704_026,2023-02-26T05:48:01.000Z,2023-02-26T05:48:13.000Z,38,101.1,https://data.lpdaac.earthdatacloud.nasa.gov/lp-prod-protected/EMITL2BMIN.001/EMIT_L2B_MIN_001_20230226T054801_2305704_026/EMIT_L2B_MIN_001_20230226T054801_2305704_026.nc
EMIT_L2B_MIN_001_20231017T093039_2329006_039,2023-10-17T09:30:39.000Z,2023-10-17T09:30:51.000Z,38,93.0,https://data.lpdaac.earthdatacloud.nasa.gov/lp-prod-protected/EMITL2BMIN.001/EMIT_L2B_MIN_001_20231017T093039_2329006_039/EMIT_L2B_MIN_001_20231017T093039_2329006_039.nc
EMIT_L2B_MIN_001_20260211T093703_2604207_023,2026-02-11T09:37:03.000Z,2026-02-11T09:37:26.000Z,38,196.0,https://data.lpdaac.earthdatacloud.nasa.gov/lp-prod-protected/EMITL2BMIN.001/EMIT_L2B_MIN_001_20260211T093703_2604207_023/EMIT_L2B_MIN_001_20260211T093703_2604207_023.nc
EMIT_L2B_MIN_001_20260329T062615_2608804_009,2026-03-29T06:26:15.000Z,2026-03-29T06:26:27.000Z,38,114.0,https://data.lpdaac.earthdatacloud.nasa.gov/lp-prod-protected/EMITL2BMIN.001/EMIT_L2B_MIN_001_20260329T062615_2608804_009/EMIT_L2B_MIN_001_20260329T062615_2608804_009.nc
EMIT_L2B_MIN_001_20260523T084531_2614306_007,2026-05-23T08:45:31.000Z,2026-05-23T08:45:43.000Z,38,114.0,https://data.lpdaac.earthdatacloud.nasa.gov/lp-prod-protected/EMITL2BMIN.001/EMIT_L2B_MIN_001_20260523T084531_2614306_007/EMIT_L2B_MIN_001_20260523T084531_2614306_007.nc
EMIT_L2B_MIN_001_20220831T043533_2224303_012,2022-08-31T04:35:33.000Z,2022-08-31T04:35:56.000Z,39,152.3,https://data.lpdaac.earthdatacloud.nasa.gov/lp-prod-protected/EMITL2BMIN.001/EMIT_L2B_MIN_001_20220831T043533_2224303_012/EMIT_L2B_MINUNCERT_001_20220831T043533_2224303_012.nc
EMIT_L2B_MIN_001_20230817T092749_2322906_040,2023-08-17T09:27:49.000Z,2023-08-17T09:28:00.000Z,39,100.3,https://data.lpdaac.earthdatacloud.nasa.gov/lp-prod-protected/EMITL2BMIN.001/EMIT_L2B_MIN_001_20230817T092749_2322906_040/EMIT_L2B_MIN_001_20230817T092749_2322906_040.nc
EMIT_L2B_MIN_001_20230930T065813_2327305_011,2023-09-30T06:58:13.000Z,2023-09-30T06:58:31.000Z,39,137.0,https://data.lpdaac.earthdatacloud.nasa.gov/lp-prod-protected/EMITL2BMIN.001/EMIT_L2B_MIN_001_20230930T065813_2327305_011/EMIT_L2B_MIN_001_20230930T065813_2327305_011.nc
EMIT_L2B_MIN_001_20231025T061916_2329804_031,2023-10-25T06:19:16.000Z,2023-10-25T06:19:27.000Z,39,97.3,https://data.lpdaac.earthdatacloud.nasa.gov/lp-prod-protected/EMITL2BMIN.001/EMIT_L2B_MIN_001_20231025T061916_2329804_031/EMIT_L2B_MIN_001_20231025T061916_2329804_031.nc
EMIT_L2B_MIN_001_20250527T073459_2514705_003,2025-05-27T07:34:59.000Z,2025-05-27T07:35:11.000Z,40,105.3,https://data.lpdaac.earthdatacloud.nasa.gov/lp-prod-protected/EMITL2BMIN.001/EMIT_L2B_MIN_001_20250527T073459_2514705_003/EMIT_L2B_MIN_001_20250527T073459_2514705_003.nc
EMIT_L2B_MIN_001_20260604T040051_2615503_003,2026-06-04T04:00:51.000Z,2026-06-04T04:01:03.000Z,40,121.3,https://data.lpdaac.earthdatacloud.nasa.gov/lp-prod-protected/EMITL2BMIN.001/EMIT_L2B_MIN_001_20260604T040051_2615503_003/EMIT_L2B_MIN_001_20260604T040051_2615503_003.nc
EMIT_L2B_MIN_001_20230124T093845_2302407_004,2023-01-24T09:38:45.000Z,2023-01-24T09:38:57.000Z,41,85.7,https://data.lpdaac.earthdatacloud.nasa.gov/lp-prod-protected/EMITL2BMIN.001/EMIT_L2B_MIN_001_20230124T093845_2302407_004/EMIT_L2B_MIN_001_20230124T093845_2302407_004.nc
EMIT_L2B_MIN_001_20251002T051017_2527503_010,2025-10-02T05:10:17.000Z,2025-10-02T05:10:29.000Z,41,97.0,https://data.lpdaac.earthdatacloud.nasa.gov/lp-prod-protected/EMITL2BMIN.001/EMIT_L2B_MIN_001_20251002T051017_2527503_010/EMIT_L2B_MIN_001_20251002T051017_2527503_010.nc
EMIT_L2B_MIN_001_20251130T052838_2533403_012,2025-11-30T05:28:38.000Z,2025-11-30T05:28:54.000Z,41,132.0,https://data.lpdaac.earthdatacloud.nasa.gov/lp-prod-protected/EMITL2BMIN.001/EMIT_L2B_MIN_001_20251130T052838_2533403_012/EMIT_L2B_MIN_001_20251130T052838_2533403_012.nc
EMIT_L2B_MIN_001_20250531T055906_2515104_005,2025-05-31T05:59:06.000Z,2025-05-31T05:59:18.000Z,42,97.2,https://data.lpdaac.earthdatacloud.nasa.gov/lp-prod-protected/EMITL2BMIN.001/EMIT_L2B_MIN_001_20250531T055906_2515104_005/EMIT_L2B_MIN_001_20250531T055906_2515104_005.nc
EMIT_L2B_MIN_001_20251003T042222_2527602_002,2025-10-03T04:22:22.000Z,2025-10-03T04:22:34.000Z,42,93.6,https://data.lpdaac.earthdatacloud.nasa.gov/lp-prod-protected/EMITL2BMIN.001/EMIT_L2B_MIN_001_20251003T042222_2527602_002/EMIT_L2B_MIN_001_20251003T042222_2527602_002.nc
EMIT_L2B_MIN_001_20251130T052638_2533403_007,2025-11-30T05:26:38.000Z,2025-11-30T05:26:49.000Z,42,109.4,https://data.lpdaac.earthdatacloud.nasa.gov/lp-prod-protected/EMITL2BMIN.001/EMIT_L2B_MIN_001_20251130T052638_2533403_007/EMIT_L2B_MIN_001_20251130T052638_2533403_007.nc
EMIT_L2B_MIN_001_20230621T080151_2317205_046,2023-06-21T08:01:51.000Z,2023-06-21T08:02:03.000Z,43,98.4,https://data.lpdaac.earthdatacloud.nasa.gov/lp-prod-protected/EMITL2BMIN.001/EMIT_L2B_MIN_001_20230621T080151_2317205_046/EMIT_L2B_MIN_001_20230621T080151_2317205_046.nc
EMIT_L2B_MIN_001_20240422T070217_2411305_011,2024-04-22T07:02:17.000Z,2024-04-22T07:02:29.000Z,43,104.7,https://data.lpdaac.earthdatacloud.nasa.gov/lp-prod-protected/EMITL2BMIN.001/EMIT_L2B_MIN_001_20240422T070217_2411305_011/EMIT_L2B_MIN_001_20240422T070217_2411305_011.nc
EMIT_L2B_MIN_001_20260329T062447_2608804_005,2026-03-29T06:24:47.000Z,2026-03-29T06:25:06.000Z,43,159.3,https://data.lpdaac.earthdatacloud.nasa.gov/lp-prod-protected/EMITL2BMIN.001/EMIT_L2B_MIN_001_20260329T062447_2608804_005/EMIT_L2B_MIN_001_20260329T062447_2608804_005.nc
EMIT_L2B_MIN_001_20260623T050734_2617403_028,2026-06-23T05:07:34.000Z,2026-06-23T05:07:46.000Z,43,118.5,https://data.lpdaac.earthdatacloud.nasa.gov/lp-prod-protected/EMITL2BMIN.001/EMIT_L2B_MIN_001_20260623T050734_2617403_028/EMIT_L2B_MIN_001_20260623T050734_2617403_028.nc
EMIT_L2B_MIN_001_20260627T033329_2617802_003,2026-06-27T03:33:29.000Z,2026-06-27T03:33:41.000Z,43,128.8,https://data.lpdaac.earthdatacloud.nasa.gov/lp-prod-protected/EMITL2BMIN.001/EMIT_L2B_MIN_001_20260627T033329_2617802_003/EMIT_L2B_MIN_001_20260627T033329_2617802_003.nc
EMIT_L2B_MIN_001_20220904T025904_2224702_004,2022-09-04T02:59:04.000Z,2022-09-04T02:59:16.000Z,44,76.3,https://data.lpdaac.earthdatacloud.nasa.gov/lp-prod-protected/EMITL2BMIN.001/EMIT_L2B_MIN_001_20220904T025904_2224702_004/EMIT_L2B_MIN_001_20220904T025904_2224702_004.nc
EMIT_L2B_MIN_001_20230124T093908_2302407_006,2023-01-24T09:39:08.000Z,2023-01-24T09:39:20.000Z,44,83.7,https://data.lpdaac.earthdatacloud.nasa.gov/lp-prod-protected/EMITL2BMIN.001/EMIT_L2B_MIN_001_20230124T093908_2302407_006/EMIT_L2B_MINUNCERT_001_20230124T093908_2302407_006.nc
EMIT_L2B_MIN_001_20230526T094141_2314607_010,2023-05-26T09:41:41.000Z,2023-05-26T09:41:53.000Z,44,107.3,https://data.lpdaac.earthdatacloud.nasa.gov/lp-prod-protected/EMITL2BMIN.001/EMIT_L2B_MIN_001_20230526T094141_2314607_010/EMIT_L2B_MIN_001_20230526T094141_2314607_010.nc
EMIT_L2B_MIN_001_20260128T055405_2602803_012,2026-01-28T05:54:05.000Z,2026-01-28T05:54:24.000Z,44,117.4,https://data.lpdaac.earthdatacloud.nasa.gov/lp-prod-protected/EMITL2BMIN.001/EMIT_L2B_MIN_001_20260128T055405_2602803_012/EMIT_L2B_MIN_001_20260128T055405_2602803_012.nc
EMIT_L2B_MIN_001_20220904T025852_2224702_003,2022-09-04T02:58:52.000Z,2022-09-04T02:59:04.000Z,45,77.9,https://data.lpdaac.earthdatacloud.nasa.gov/lp-prod-protected/EMITL2BMIN.001/EMIT_L2B_MIN_001_20220904T025852_2224702_003/EMIT_L2B_MIN_001_20220904T025852_2224702_003.nc
EMIT_L2B_MIN_001_20230527T085205_2314706_004,2023-05-27T08:52:05.000Z,2023-05-27T08:52:17.000Z,45,98.5,https://data.lpdaac.earthdatacloud.nasa.gov/lp-prod-protected/EMITL2BMIN.001/EMIT_L2B_MIN_001_20230527T085205_2314706_004/EMIT_L2B_MIN_001_20230527T085205_2314706_004.nc
EMIT_L2B_MIN_001_20230629T044435_2318003_025,2023-06-29T04:44:35.000Z,2023-06-29T04:44:46.000Z,46,105.8,https://data.lpdaac.earthdatacloud.nasa.gov/lp-prod-protected/EMITL2BMIN.001/EMIT_L2B_MIN_001_20230629T044435_2318003_025/EMIT_L2B_MIN_001_20230629T044435_2318003_025.nc
EMIT_L2B_MIN_001_20231021T075414_2329405_038,2023-10-21T07:54:14.000Z,2023-10-21T07:54:26.000Z,46,101.4,https://data.lpdaac.earthdatacloud.nasa.gov/lp-prod-protected/EMITL2BMIN.001/EMIT_L2B_MIN_001_20231021T075414_2329405_038/EMIT_L2B_MIN_001_20231021T075414_2329405_038.nc
EMIT_L2B_MIN_001_20251130T052649_2533403_008,2025-11-30T05:26:49.000Z,2025-11-30T05:27:09.000Z,46,161.6,https://data.lpdaac.earthdatacloud.nasa.gov/lp-prod-protected/EMITL2BMIN.001/EMIT_L2B_MIN_001_20251130T052649_2533403_008/EMIT_L2B_MIN_001_20251130T052649_2533403_008.nc
EMIT_L2B_MIN_001_20230124T093809_2302407_001,2023-01-24T09:38:09.000Z,2023-01-24T09:38:21.000Z,47,80.9,https://data.lpdaac.earthdatacloud.nasa.gov/lp-prod-protected/EMITL2BMIN.001/EMIT_L2B_MIN_001_20230124T093809_2302407_001/EMIT_L2B_MIN_001_20230124T093809_2302407_001.nc
EMIT_L2B_MIN_001_20230302T041436_2306103_012,2023-03-02T04:14:36.000Z,2023-03-02T04:14:47.000Z,47,83.2,https://data.lpdaac.earthdatacloud.nasa.gov/lp-prod-protected/EMITL2BMIN.001/EMIT_L2B_MIN_001_20230302T041436_2306103_012/EMIT_L2B_MIN_001_20230302T041436_2306103_012.nc
EMIT_L2B_MIN_001_20230323T103630_2308207_012,2023-03-23T10:36:30.000Z,2023-03-23T10:36:41.000Z,47,87.8,https://data.lpdaac.earthdatacloud.nasa.gov/lp-prod-protected/EMITL2BMIN.001/EMIT_L2B_MIN_001_20230323T103630_2308207_012/EMIT_L2B_MIN_001_20230323T103630_2308207_012.nc
EMIT_L2B_MIN_001_20230422T073932_2311205_042,2023-04-22T07:39:32.000Z,2023-04-22T07:39:44.000Z,47,92.6,https://data.lpdaac.earthdatacloud.nasa.gov/lp-prod-protected/EMITL2BMIN.001/EMIT_L2B_MIN_001_20230422T073932_2311205_042/EMIT_L2B_MIN_001_20230422T073932_2311205_042.nc
EMIT_L2B_MIN_001_20230929T074510_2327205_007,2023-09-29T07:45:10.000Z,2023-09-29T07:45:22.000Z,47,98.6,https://data.lpdaac.earthdatacloud.nasa.gov/lp-prod-protected/EMITL2BMIN.001/EMIT_L2B_MIN_001_20230929T074510_2327205_007/EMIT_L2B_MIN_001_20230929T074510_2327205_007.nc
EMIT_L2B_MIN_001_20230124T093857_2302407_005,2023-01-24T09:38:57.000Z,2023-01-24T09:39:08.000Z,48,84.1,https://data.lpdaac.earthdatacloud.nasa.gov/lp-prod-protected/EMITL2BMIN.001/EMIT_L2B_MIN_001_20230124T093857_2302407_005/EMIT_L2B_MINUNCERT_001_20230124T093857_2302407_005.nc
EMIT_L2B_MIN_001_20230227T050032_2305803_018,2023-02-27T05:00:32.000Z,2023-02-27T05:00:44.000Z,48,84.4,https://data.lpdaac.earthdatacloud.nasa.gov/lp-prod-protected/EMITL2BMIN.001/EMIT_L2B_MIN_001_20230227T050032_2305803_018/EMIT_L2B_MIN_001_20230227T050032_2305803_018.nc
EMIT_L2B_MIN_001_20230403T063820_2309305_007,2023-04-03T06:38:20.000Z,2023-04-03T06:38:32.000Z,48,105.6,https://data.lpdaac.earthdatacloud.nasa.gov/lp-prod-protected/EMITL2BMIN.001/EMIT_L2B_MIN_001_20230403T063820_2309305_007/EMIT_L2B_MIN_001_20230403T063820_2309305_007.nc
EMIT_L2B_MIN_001_20230624T071207_2317505_040,2023-06-24T07:12:07.000Z,2023-06-24T07:12:19.000Z,48,92.7,https://data.lpdaac.earthdatacloud.nasa.gov/lp-prod-protected/EMITL2BMIN.001/EMIT_L2B_MIN_001_20230624T071207_2317505_040/EMIT_L2B_MIN_001_20230624T071207_2317505_040.nc
EMIT_L2B_MIN_001_20250531T055854_2515104_004,2025-05-31T05:58:54.000Z,2025-05-31T05:59:06.000Z,48,91.7,https://data.lpdaac.earthdatacloud.nasa.gov/lp-prod-protected/EMITL2BMIN.001/EMIT_L2B_MIN_001_20250531T055854_2515104_004/EMIT_L2B_MIN_001_20250531T055854_2515104_004.nc
EMIT_L2B_MIN_001_20250921T091311_2526406_020,2025-09-21T09:13:11.000Z,2025-09-21T09:13:31.000Z,48,153.3,https://data.lpdaac.earthdatacloud.nasa.gov/lp-prod-protected/EMITL2BMIN.001/EMIT_L2B_MIN_001_20250921T091311_2526406_020/EMIT_L2B_MIN_001_20250921T091311_2526406_020.nc
EMIT_L2B_MIN_001_20230418T091636_2310806_044,2023-04-18T09:16:36.000Z,2023-04-18T09:16:48.000Z,49,95.8,https://data.lpdaac.earthdatacloud.nasa.gov/lp-prod-protected/EMITL2BMIN.001/EMIT_L2B_MIN_001_20230418T091636_2310806_044/EMIT_L2B_MIN_001_20230418T091636_2310806_044.nc
EMIT_L2B_MIN_001_20230821T075248_2323305_037,2023-08-21T07:52:48.000Z,2023-08-21T07:53:00.000Z,49,95.4,https://data.lpdaac.earthdatacloud.nasa.gov/lp-prod-protected/EMITL2BMIN.001/EMIT_L2B_MIN_001_20230821T075248_2323305_037/EMIT_L2B_MIN_001_20230821T075248_2323305_037.nc
EMIT_L2B_MIN_001_20230825T061733_2323704_030,2023-08-25T06:17:33.000Z,2023-08-25T06:17:45.000Z,49,93.3,https://data.lpdaac.earthdatacloud.nasa.gov/lp-prod-protected/EMITL2BMIN.001/EMIT_L2B_MIN_001_20230825T061733_2323704_030/EMIT_L2B_MIN_001_20230825T061733_2323704_030.nc
EMIT_L2B_MIN_001_20231018T084226_2329106_042,2023-10-18T08:42:26.000Z,2023-10-18T08:42:38.000Z,49,99.3,https://data.lpdaac.earthdatacloud.nasa.gov/lp-prod-protected/EMITL2BMIN.001/EMIT_L2B_MIN_001_20231018T084226_2329106_042/EMIT_L2B_MIN_001_20231018T084226_2329106_042.nc
EMIT_L2B_MIN_001_20251130T052826_2533403_011,2025-11-30T05:28:26.000Z,2025-11-30T05:28:38.000Z,49,98.2,https://data.lpdaac.earthdatacloud.nasa.gov/lp-prod-protected/EMITL2BMIN.001/EMIT_L2B_MIN_001_20251130T052826_2533403_011/EMIT_L2B_MIN_001_20251130T052826_2533403_011.nc
EMIT_L2B_MIN_001_20260220T054739_2605104_001,2026-02-20T05:47:39.000Z,2026-02-20T05:47:51.000Z,49,83.6,https://data.lpdaac.earthdatacloud.nasa.gov/lp-prod-protected/EMITL2BMIN.001/EMIT_L2B_MIN_001_20260220T054739_2605104_001/EMIT_L2B_MIN_001_20260220T054739_2605104_001.nc
EMIT_L2B_MIN_001_20251024T052744_2529704_001,2025-10-24T05:27:44.000Z,2025-10-24T05:27:56.000Z,50,98.3,https://data.lpdaac.earthdatacloud.nasa.gov/lp-prod-protected/EMITL2BMIN.001/EMIT_L2B_MIN_001_20251024T052744_2529704_001/EMIT_L2B_MIN_001_20251024T052744_2529704_001.nc
EMIT_L2B_MIN_001_20230403T063844_2309305_009,2023-04-03T06:38:44.000Z,2023-04-03T06:38:56.000Z,51,104.0,https://data.lpdaac.earthdatacloud.nasa.gov/lp-prod-protected/EMITL2BMIN.001/EMIT_L2B_MIN_001_20230403T063844_2309305_009/EMIT_L2B_MIN_001_20230403T063844_2309305_009.nc
EMIT_L2B_MIN_001_20230422T073921_2311205_041,2023-04-22T07:39:21.000Z,2023-04-22T07:39:32.000Z,51,92.0,https://data.lpdaac.earthdatacloud.nasa.gov/lp-prod-protected/EMITL2BMIN.001/EMIT_L2B_MIN_001_20230422T073921_2311205_041/EMIT_L2B_MIN_001_20230422T073921_2311205_041.nc
EMIT_L2B_MIN_001_20230817T092812_2322906_042,2023-08-17T09:28:12.000Z,2023-08-17T09:28:24.000Z,51,90.0,https://data.lpdaac.earthdatacloud.nasa.gov/lp-prod-protected/EMITL2BMIN.001/EMIT_L2B_MIN_001_20230817T092812_2322906_042/EMIT_L2B_MIN_001_20230817T092812_2322906_042.nc
EMIT_L2B_MIN_001_20230429T051133_2311903_024,2023-04-29T05:11:33.000Z,2023-04-29T05:11:44.000Z,52,97.1,https://data.lpdaac.earthdatacloud.nasa.gov/lp-prod-protected/EMITL2BMIN.001/EMIT_L2B_MIN_001_20230429T051133_2311903_024/EMIT_L2B_MIN_001_20230429T051133_2311903_024.nc
EMIT_L2B_MIN_001_20230901T035315_2324403_020,2023-09-01T03:53:15.000Z,2023-09-01T03:53:27.000Z,52,79.6,https://data.lpdaac.earthdatacloud.nasa.gov/lp-prod-protected/EMITL2BMIN.001/EMIT_L2B_MIN_001_20230901T035315_2324403_020/EMIT_L2B_MIN_001_20230901T035315_2324403_020.nc
EMIT_L2B_MIN_001_20230902T030517_2324502_010,2023-09-02T03:05:17.000Z,2023-09-02T03:05:34.000Z,52,117.6,https://data.lpdaac.earthdatacloud.nasa.gov/lp-prod-protected/EMITL2BMIN.001/EMIT_L2B_MIN_001_20230902T030517_2324502_010/EMIT_L2B_MIN_001_20230902T030517_2324502_010.nc
EMIT_L2B_MIN_001_20240327T083344_2408706_003,2024-03-27T08:33:44.000Z,2024-03-27T08:33:56.000Z,52,101.1,https://data.lpdaac.earthdatacloud.nasa.gov/lp-prod-protected/EMITL2BMIN.001/EMIT_L2B_MIN_001_20240327T083344_2408706_003/EMIT_L2B_MIN_001_20240327T083344_2408706_003.nc
EMIT_L2B_MIN_001_20240612T105431_2416407_010,2024-06-12T10:54:31.000Z,2024-06-12T10:54:43.000Z,52,98.2,https://data.lpdaac.earthdatacloud.nasa.gov/lp-prod-protected/EMITL2BMIN.001/EMIT_L2B_MIN_001_20240612T105431_2416407_010/EMIT_L2B_MIN_001_20240612T105431_2416407_010.nc
EMIT_L2B_MIN_001_20230806T051534_2321804_009,2023-08-06T05:15:34.000Z,2023-08-06T05:15:46.000Z,53,96.3,https://data.lpdaac.earthdatacloud.nasa.gov/lp-prod-protected/EMITL2BMIN.001/EMIT_L2B_MIN_001_20230806T051534_2321804_009/EMIT_L2B_MIN_001_20230806T051534_2321804_009.nc
EMIT_L2B_MIN_001_20230901T035327_2324403_021,2023-09-01T03:53:27.000Z,2023-09-01T03:53:39.000Z,54,77.2,https://data.lpdaac.earthdatacloud.nasa.gov/lp-prod-protected/EMITL2BMIN.001/EMIT_L2B_MIN_001_20230901T035327_2324403_021/EMIT_L2B_MIN_001_20230901T035327_2324403_021.nc
EMIT_L2B_MIN_001_20230901T035351_2324403_023,2023-09-01T03:53:51.000Z,2023-09-01T03:54:09.000Z,54,116.7,https://data.lpdaac.earthdatacloud.nasa.gov/lp-prod-protected/EMITL2BMIN.001/EMIT_L2B_MIN_001_20230901T035351_2324403_023/EMIT_L2B_MIN_001_20230901T035351_2324403_023.nc
EMIT_L2B_MIN_001_20240216T092533_2404706_010,2024-02-16T09:25:33.000Z,2024-02-16T09:25:53.000Z,54,137.9,https://data.lpdaac.earthdatacloud.nasa.gov/lp-prod-protected/EMITL2BMIN.001/EMIT_L2B_MIN_001_20240216T092533_2404706_010/EMIT_L2B_MIN_001_20240216T092533_2404706_010.nc
EMIT_L2B_MIN_001_20250414T091107_2510406_023,2025-04-14T09:11:07.000Z,2025-04-14T09:11:19.000Z,54,88.8,https://data.lpdaac.earthdatacloud.nasa.gov/lp-prod-protected/EMITL2BMIN.001/EMIT_L2B_MIN_001_20250414T091107_2510406_023/EMIT_L2B_MIN_001_20250414T091107_2510406_023.nc
EMIT_L2B_MIN_001_20230603T062537_2315405_008,2023-06-03T06:25:37.000Z,2023-06-03T06:25:49.000Z,55,106.2,https://data.lpdaac.earthdatacloud.nasa.gov/lp-prod-protected/EMITL2BMIN.001/EMIT_L2B_MIN_001_20230603T062537_2315405_008/EMIT_L2B_MIN_001_20230603T062537_2315405_008.nc
EMIT_L2B_MIN_001_20230829T044058_2324103_005,2023-08-29T04:40:58.000Z,2023-08-29T04:41:10.000Z,55,90.6,https://data.lpdaac.earthdatacloud.nasa.gov/lp-prod-protected/EMITL2BMIN.001/EMIT_L2B_MIN_001_20230829T044058_2324103_005/EMIT_L2B_MIN_001_20230829T044058_2324103_005.nc
EMIT_L2B_MIN_001_20230902T030453_2324502_008,2023-09-02T03:04:53.000Z,2023-09-02T03:05:05.000Z,55,83.9,https://data.lpdaac.earthdatacloud.nasa.gov/lp-prod-protected/EMITL2BMIN.001/EMIT_L2B_MIN_001_20230902T030453_2324502_008/EMIT_L2B_MIN_001_20230902T030453_2324502_008.nc
EMIT_L2B_MIN_001_20260131T051042_2603103_010,2026-01-31T05:10:42.000Z,2026-01-31T05:10:59.000Z,55,162.6,https://data.lpdaac.earthdatacloud.nasa.gov/lp-prod-protected/EMITL2BMIN.001/EMIT_L2B_MIN_001_20260131T051042_2603103_010/EMIT_L2B_MIN_001_20260131T051042_2603103_010.nc
EMIT_L2B_MIN_001_20230223T063529_2305404_033,2023-02-23T06:35:29.000Z,2023-02-23T06:35:41.000Z,56,78.7,https://data.lpdaac.earthdatacloud.nasa.gov/lp-prod-protected/EMITL2BMIN.001/EMIT_L2B_MIN_001_20230223T063529_2305404_033/EMIT_L2B_MIN_001_20230223T063529_2305404_033.nc
EMIT_L2B_MIN_001_20230526T094117_2314607_008,2023-05-26T09:41:17.000Z,2023-05-26T09:41:29.000Z,56,105.6,https://data.lpdaac.earthdatacloud.nasa.gov/lp-prod-protected/EMITL2BMIN.001/EMIT_L2B_MIN_001_20230526T094117_2314607_008/EMIT_L2B_MIN_001_20230526T094117_2314607_008.nc
EMIT_L2B_MIN_001_20260619T064231_2617004_045,2026-06-19T06:42:31.000Z,2026-06-19T06:42:54.000Z,56,178.1,https://data.lpdaac.earthdatacloud.nasa.gov/lp-prod-protected/EMITL2BMIN.001/EMIT_L2B_MIN_001_20260619T064231_2617004_045/EMIT_L2B_MIN_001_20260619T064231_2617004_045.nc
EMIT_L2B_MIN_001_20230219T080912_2305005_036,2023-02-19T08:09:12.000Z,2023-02-19T08:09:24.000Z,57,86.9,https://data.lpdaac.earthdatacloud.nasa.gov/lp-prod-protected/EMITL2BMIN.001/EMIT_L2B_MIN_001_20230219T080912_2305005_036/EMIT_L2B_MIN_001_20230219T080912_2305005_036.nc
EMIT_L2B_MIN_001_20230404T055114_2309404_009,2023-04-04T05:51:14.000Z,2023-04-04T05:51:26.000Z,57,89.6,https://data.lpdaac.earthdatacloud.nasa.gov/lp-prod-protected/EMITL2BMIN.001/EMIT_L2B_MIN_001_20230404T055114_2309404_009/EMIT_L2B_MIN_001_20230404T055114_2309404_009.nc
EMIT_L2B_MIN_001_20230929T074546_2327205_010,2023-09-29T07:45:46.000Z,2023-09-29T07:45:58.000Z,57,96.5,https://data.lpdaac.earthdatacloud.nasa.gov/lp-prod-protected/EMITL2BMIN.001/EMIT_L2B_MIN_001_20230929T074546_2327205_010/EMIT_L2B_MIN_001_20230929T074546_2327205_010.nc
EMIT_L2B_MIN_001_20260417T074322_2610705_040,2026-04-17T07:43:22.000Z,2026-04-17T07:43:34.000Z,57,128.7,https://data.lpdaac.earthdatacloud.nasa.gov/lp-prod-protected/EMITL2BMIN.001/EMIT_L2B_MIN_001_20260417T074322_2610705_040/EMIT_L2B_MIN_001_20260417T074322_2610705_040.nc
EMIT_L2B_MIN_001_20230223T063541_2305404_034,2023-02-23T06:35:41.000Z,2023-02-23T06:36:04.000Z,58,155.1,https://data.lpdaac.earthdatacloud.nasa.gov/lp-prod-protected/EMITL2BMIN.001/EMIT_L2B_MIN_001_20230223T063541_2305404_034/EMIT_L2B_MIN_001_20230223T063541_2305404_034.nc
EMIT_L2B_MIN_001_20230422T073944_2311205_043,2023-04-22T07:39:44.000Z,2023-04-22T07:39:56.000Z,58,92.0,https://data.lpdaac.earthdatacloud.nasa.gov/lp-prod-protected/EMITL2BMIN.001/EMIT_L2B_MIN_001_20230422T073944_2311205_043/EMIT_L2B_MIN_001_20230422T073944_2311205_043.nc
EMIT_L2B_MIN_001_20230403T063856_2309305_010,2023-04-03T06:38:56.000Z,2023-04-03T06:39:08.000Z,59,103.9,https://data.lpdaac.earthdatacloud.nasa.gov/lp-prod-protected/EMITL2BMIN.001/EMIT_L2B_MIN_001_20230403T063856_2309305_010/EMIT_L2B_MIN_001_20230403T063856_2309305_010.nc
EMIT_L2B_MIN_001_20230407T050313_2309704_006,2023-04-07T05:03:13.000Z,2023-04-07T05:03:25.000Z,59,96.9,https://data.lpdaac.earthdatacloud.nasa.gov/lp-prod-protected/EMITL2BMIN.001/EMIT_L2B_MIN_001_20230407T050313_2309704_006/EMIT_L2B_MIN_001_20230407T050313_2309704_006.nc
EMIT_L2B_MIN_001_20231017T093051_2329006_040,2023-10-17T09:30:51.000Z,2023-10-17T09:31:03.000Z,59,94.1,https://data.lpdaac.earthdatacloud.nasa.gov/lp-prod-protected/EMITL2BMIN.001/EMIT_L2B_MIN_001_20231017T093051_2329006_040/EMIT_L2B_MIN_001_20231017T093051_2329006_040.nc
EMIT_L2B_MIN_001_20260212T085024_2604306_001,2026-02-12T08:50:24.000Z,2026-02-12T08:50:36.000Z,59,77.8,https://data.lpdaac.earthdatacloud.nasa.gov/lp-prod-protected/EMITL2BMIN.001/EMIT_L2B_MIN_001_20260212T085024_2604306_001/EMIT_L2B_MIN_001_20260212T085024_2604306_001.nc
EMIT_L2B_MIN_001_20230421T082825_2311106_044,2023-04-21T08:28:25.000Z,2023-04-21T08:28:37.000Z,60,103.1,https://data.lpdaac.earthdatacloud.nasa.gov/lp-prod-protected/EMITL2BMIN.001/EMIT_L2B_MIN_001_20230421T082825_2311106_044/EMIT_L2B_MIN_001_20230421T082825_2311106_044.nc
EMIT_L2B_MIN_001_20230702T035509_2318303_006,2023-07-02T03:55:09.000Z,2023-07-02T03:55:21.000Z,60,92.3,https://data.lpdaac.earthdatacloud.nasa.gov/lp-prod-protected/EMITL2BMIN.001/EMIT_L2B_MIN_001_20230702T035509_2318303_006/EMIT_L2B_MIN_001_20230702T035509_2318303_006.nc
EMIT_L2B_MIN_001_20220820T083831_2223206_033,2022-08-20T08:38:31.000Z,2022-08-20T08:38:43.000Z,61,87.2,https://data.lpdaac.earthdatacloud.nasa.gov/lp-prod-protected/EMITL2BMIN.001/EMIT_L2B_MIN_001_20220820T083831_2223206_033/EMIT_L2B_MIN_001_20220820T083831_2223206_033.nc
EMIT_L2B_MIN_001_20231018T084238_2329106_043,2023-10-18T08:42:38.000Z,2023-10-18T08:42:56.000Z,61,147.4,https://data.lpdaac.earthdatacloud.nasa.gov/lp-prod-protected/EMITL2BMIN.001/EMIT_L2B_MIN_001_20231018T084238_2329106_043/EMIT_L2B_MIN_001_20231018T084238_2329106_043.nc
EMIT_L2B_MIN_001_20250527T073523_2514705_005,2025-05-27T07:35:23.000Z,2025-05-27T07:35:35.000Z,61,106.8,https://data.lpdaac.earthdatacloud.nasa.gov/lp-prod-protected/EMITL2BMIN.001/EMIT_L2B_MIN_001_20250527T073523_2514705_005/EMIT_L2B_MIN_001_20250527T073523_2514705_005.nc
EMIT_L2B_MIN_001_20250813T093907_2522506_023,2025-08-13T09:39:07.000Z,2025-08-13T09:39:19.000Z,61,95.2,https://data.lpdaac.earthdatacloud.nasa.gov/lp-prod-protected/EMITL2BMIN.001/EMIT_L2B_MIN_001_20250813T093907_2522506_023/EMIT_L2B_MIN_001_20250813T093907_2522506_023.nc
EMIT_L2B_MIN_001_20230323T103443_2308207_003,2023-03-23T10:34:43.000Z,2023-03-23T10:34:55.000Z,62,86.4,https://data.lpdaac.earthdatacloud.nasa.gov/lp-prod-protected/EMITL2BMIN.001/EMIT_L2B_MIN_001_20230323T103443_2308207_003/EMIT_L2B_MIN_001_20230323T103443_2308207_003.nc
EMIT_L2B_MIN_001_20231204T052014_2333804_001,2023-12-04T05:20:14.000Z,2023-12-04T05:20:26.000Z,62,92.3,https://data.lpdaac.earthdatacloud.nasa.gov/lp-prod-protected/EMITL2BMIN.001/EMIT_L2B_MIN_001_20231204T052014_2333804_001/EMIT_L2B_MIN_001_20231204T052014_2333804_001.nc
EMIT_L2B_MIN_001_20250527T073511_2514705_004,2025-05-27T07:35:11.000Z,2025-05-27T07:35:23.000Z,62,104.6,https://data.lpdaac.earthdatacloud.nasa.gov/lp-prod-protected/EMITL2BMIN.001/EMIT_L2B_MIN_001_20250527T073511_2514705_004/EMIT_L2B_MIN_001_20250527T073511_2514705_004.nc
EMIT_L2B_MIN_001_20250527T073547_2514705_007,2025-05-27T07:35:47.000Z,2025-05-27T07:36:06.000Z,62,157.2,https://data.lpdaac.earthdatacloud.nasa.gov/lp-prod-protected/EMITL2BMIN.001/EMIT_L2B_MIN_001_20250527T073547_2514705_007/EMIT_L2B_MIN_001_20250527T073547_2514705_007.nc
EMIT_L2B_MIN_001_20250726T080041_2520705_002,2025-07-26T08:00:41.000Z,2025-07-26T08:01:01.000Z,62,150.3,https://data.lpdaac.earthdatacloud.nasa.gov/lp-prod-protected/EMITL2BMIN.001/EMIT_L2B_MIN_001_20250726T080041_2520705_002/EMIT_L2B_MIN_001_20250726T080041_2520705_002.nc
EMIT_L2B_MIN_001_20260416T083059_2610605_046,2026-04-16T08:30:59.000Z,2026-04-16T08:31:11.000Z,62,102.5,https://data.lpdaac.earthdatacloud.nasa.gov/lp-prod-protected/EMITL2BMIN.001/EMIT_L2B_MIN_001_20260416T083059_2610605_046/EMIT_L2B_MIN_001_20260416T083059_2610605_046.nc
EMIT_L2B_MIN_001_20260417T074258_2610705_038,2026-04-17T07:42:58.000Z,2026-04-17T07:43:10.000Z,62,115.3,https://data.lpdaac.earthdatacloud.nasa.gov/lp-prod-protected/EMITL2BMIN.001/EMIT_L2B_MIN_001_20260417T074258_2610705_038/EMIT_L2B_MIN_001_20260417T074258_2610705_038.nc
EMIT_L2B_MIN_001_20220904T025840_2224702_002,2022-09-04T02:58:40.000Z,2022-09-04T02:58:52.000Z,63,79.2,https://data.lpdaac.earthdatacloud.nasa.gov/lp-prod-protected/EMITL2BMIN.001/EMIT_L2B_MIN_001_20220904T025840_2224702_002/EMIT_L2B_MIN_001_20220904T025840_2224702_002.nc
EMIT_L2B_MIN_001_20230403T063908_2309305_011,2023-04-03T06:39:08.000Z,2023-04-03T06:39:19.000Z,63,93.7,https://data.lpdaac.earthdatacloud.nasa.gov/lp-prod-protected/EMITL2BMIN.001/EMIT_L2B_MIN_001_20230403T063908_2309305_011/EMIT_L2B_MIN_001_20230403T063908_2309305_011.nc
EMIT_L2B_MIN_001_20240327T083356_2408706_004,2024-03-27T08:33:56.000Z,2024-03-27T08:34:16.000Z,63,143.0,https://data.lpdaac.earthdatacloud.nasa.gov/lp-prod-protected/EMITL2BMIN.001/EMIT_L2B_MIN_001_20240327T083356_2408706_004/EMIT_L2B_MIN_001_20240327T083356_2408706_004.nc
EMIT_L2B_MIN_001_20260402T045315_2609203_004,2026-04-02T04:53:15.000Z,2026-04-02T04:53:31.000Z,63,130.1,https://data.lpdaac.earthdatacloud.nasa.gov/lp-prod-protected/EMITL2BMIN.001/EMIT_L2B_MIN_001_20260402T045315_2609203_004/EMIT_L2B_MIN_001_20260402T045315_2609203_004.nc
EMIT_L2B_MIN_001_20231007T043338_2328003_006,2023-10-07T04:33:38.000Z,2023-10-07T04:33:50.000Z,64,90.7,https://data.lpdaac.earthdatacloud.nasa.gov/lp-prod-protected/EMITL2BMIN.001/EMIT_L2B_MIN_001_20231007T043338_2328003_006/EMIT_L2B_MIN_001_20231007T043338_2328003_006.nc
EMIT_L2B_MIN_001_20231021T075402_2329405_037,2023-10-21T07:54:02.000Z,2023-10-21T07:54:14.000Z,64,103.8,https://data.lpdaac.earthdatacloud.nasa.gov/lp-prod-protected/EMITL2BMIN.001/EMIT_L2B_MIN_001_20231021T075402_2329405_037/EMIT_L2B_MIN_001_20231021T075402_2329405_037.nc
EMIT_L2B_MIN_001_20231021T075437_2329405_040,2023-10-21T07:54:37.000Z,2023-10-21T07:54:49.000Z,64,92.9,https://data.lpdaac.earthdatacloud.nasa.gov/lp-prod-protected/EMITL2BMIN.001/EMIT_L2B_MIN_001_20231021T075437_2329405_040/EMIT_L2B_MIN_001_20231021T075437_2329405_040.nc
EMIT_L2B_MIN_001_20231130T065721_2333405_002,2023-11-30T06:57:21.000Z,2023-11-30T06:57:33.000Z,64,89.9,https://data.lpdaac.earthdatacloud.nasa.gov/lp-prod-protected/EMITL2BMIN.001/EMIT_L2B_MIN_001_20231130T065721_2333405_002/EMIT_L2B_MIN_001_20231130T065721_2333405_002.nc
EMIT_L2B_MIN_001_20230323T103542_2308207_008,2023-03-23T10:35:42.000Z,2023-03-23T10:35:54.000Z,65,93.8,https://data.lpdaac.earthdatacloud.nasa.gov/lp-prod-protected/EMITL2BMIN.001/EMIT_L2B_MIN_001_20230323T103542_2308207_008/EMIT_L2B_MIN_001_20230323T103542_2308207_008.nc
EMIT_L2B_MIN_001_20230407T050337_2309704_008,2023-04-07T05:03:37.000Z,2023-04-07T05:03:49.000Z,65,100.7,https://data.lpdaac.earthdatacloud.nasa.gov/lp-prod-protected/EMITL2BMIN.001/EMIT_L2B_MIN_001_20230407T050337_2309704_008/EMIT_L2B_MIN_001_20230407T050337_2309704_008.nc
EMIT_L2B_MIN_001_20230407T050349_2309704_009,2023-04-07T05:03:49.000Z,2023-04-07T05:04:01.000Z,65,103.5,https://data.lpdaac.earthdatacloud.nasa.gov/lp-prod-protected/EMITL2BMIN.001/EMIT_L2B_MIN_001_20230407T050349_2309704_009/EMIT_L2B_MIN_001_20230407T050349_2309704_009.nc
EMIT_L2B_MIN_001_20230625T062307_2317604_039,2023-06-25T06:23:07.000Z,2023-06-25T06:23:19.000Z,65,93.9,https://data.lpdaac.earthdatacloud.nasa.gov/lp-prod-protected/EMITL2BMIN.001/EMIT_L2B_MIN_001_20230625T062307_2317604_039/EMIT_L2B_MIN_001_20230625T062307_2317604_039.nc
EMIT_L2B_MIN_001_20230925T092139_2326806_009,2023-09-25T09:21:39.000Z,2023-09-25T09:21:51.000Z,65,96.5,https://data.lpdaac.earthdatacloud.nasa.gov/lp-prod-protected/EMITL2BMIN.001/EMIT_L2B_MIN_001_20230925T092139_2326806_009/EMIT_L2B_MIN_001_20230925T092139_2326806_009.nc
EMIT_L2B_MIN_001_20240429T043258_2412003_005,2024-04-29T04:32:58.000Z,2024-04-29T04:33:10.000Z,66,85.6,https://data.lpdaac.earthdatacloud.nasa.gov/lp-prod-protected/EMITL2BMIN.001/EMIT_L2B_MIN_001_20240429T043258_2412003_005/EMIT_L2B_MIN_001_20240429T043258_2412003_005.nc
EMIT_L2B_MIN_001_20260212T085036_2604306_002,2026-02-12T08:50:36.000Z,2026-02-12T08:50:56.000Z,66,137.4,https://data.lpdaac.earthdatacloud.nasa.gov/lp-prod-protected/EMITL2BMIN.001/EMIT_L2B_MIN_001_20260212T085036_2604306_002/EMIT_L2B_MIN_001_20260212T085036_2604306_002.nc
EMIT_L2B_MIN_001_20260402T045435_2609203_008,2026-04-02T04:54:35.000Z,2026-04-02T04:54:47.000Z,66,114.7,https://data.lpdaac.earthdatacloud.nasa.gov/lp-prod-protected/EMITL2BMIN.001/EMIT_L2B_MIN_001_20260402T045435_2609203_008/EMIT_L2B_MIN_001_20260402T045435_2609203_008.nc
EMIT_L2B_MIN_001_20230128T080123_2302806_006,2023-01-28T08:01:23.000Z,2023-01-28T08:01:35.000Z,67,82.4,https://data.lpdaac.earthdatacloud.nasa.gov/lp-prod-protected/EMITL2BMIN.001/EMIT_L2B_MIN_001_20230128T080123_2302806_006/EMIT_L2B_MIN_001_20230128T080123_2302806_006.nc
EMIT_L2B_MIN_001_20230227T050131_2305803_023,2023-02-27T05:01:31.000Z,2023-02-27T05:01:44.000Z,67,88.5,https://data.lpdaac.earthdatacloud.nasa.gov/lp-prod-protected/EMITL2BMIN.001/EMIT_L2B_MIN_001_20230227T050131_2305803_023/EMIT_L2B_MIN_001_20230227T050131_2305803_023.nc
EMIT_L2B_MIN_001_20230327T090140_2308606_012,2023-03-27T09:01:40.000Z,2023-03-27T09:01:51.000Z,67,83.7,https://data.lpdaac.earthdatacloud.nasa.gov/lp-prod-protected/EMITL2BMIN.001/EMIT_L2B_MIN_001_20230327T090140_2308606_012/EMIT_L2B_MIN_001_20230327T090140_2308606_012.nc
EMIT_L2B_MIN_001_20230331T072437_2309005_005,2023-03-31T07:24:37.000Z,2023-03-31T07:24:48.000Z,67,95.8,https://data.lpdaac.earthdatacloud.nasa.gov/lp-prod-protected/EMITL2BMIN.001/EMIT_L2B_MIN_001_20230331T072437_2309005_005/EMIT_L2B_MIN_001_20230331T072437_2309005_005.nc
EMIT_L2B_MIN_001_20260329T062627_2608804_010,2026-03-29T06:26:27.000Z,2026-03-29T06:26:41.000Z,67,122.3,https://data.lpdaac.earthdatacloud.nasa.gov/lp-prod-protected/EMITL2BMIN.001/EMIT_L2B_MIN_001_20260329T062627_2608804_010/EMIT_L2B_MIN_001_20260329T062627_2608804_010.nc
EMIT_L2B_MIN_001_20260604T040126_2615503_006,2026-06-04T04:01:26.000Z,2026-06-04T04:01:41.000Z,67,135.5,https://data.lpdaac.earthdatacloud.nasa.gov/lp-prod-protected/EMITL2BMIN.001/EMIT_L2B_MIN_001_20260604T040126_2615503_006/EMIT_L2B_MIN_001_20260604T040126_2615503_006.nc
EMIT_L2B_MIN_001_20220820T083843_2223206_034,2022-08-20T08:38:43.000Z,2022-08-20T08:39:01.000Z,68,126.2,https://data.lpdaac.earthdatacloud.nasa.gov/lp-prod-protected/EMITL2BMIN.001/EMIT_L2B_MIN_001_20220820T083843_2223206_034/EMIT_L2B_MIN_001_20220820T083843_2223206_034.nc
EMIT_L2B_MIN_001_20230124T093833_2302407_003,2023-01-24T09:38:33.000Z,2023-01-24T09:38:45.000Z,68,80.4,https://data.lpdaac.earthdatacloud.nasa.gov/lp-prod-protected/EMITL2BMIN.001/EMIT_L2B_MIN_001_20230124T093833_2302407_003/EMIT_L2B_MIN_001_20230124T093833_2302407_003.nc
EMIT_L2B_MIN_001_20230131T071258_2303105_011,2023-01-31T07:12:58.000Z,2023-01-31T07:13:10.000Z,68,90.6,https://data.lpdaac.earthdatacloud.nasa.gov/lp-prod-protected/EMITL2BMIN.001/EMIT_L2B_MIN_001_20230131T071258_2303105_011/EMIT_L2B_MIN_001_20230131T071258_2303105_011.nc
EMIT_L2B_MIN_001_20240429T043246_2412003_004,2024-04-29T04:32:46.000Z,2024-04-29T04:32:58.000Z,69,79.6,https://data.lpdaac.earthdatacloud.nasa.gov/lp-prod-protected/EMITL2BMIN.001/EMIT_L2B_MIN_001_20240429T043246_2412003_004/EMIT_L2B_MIN_001_20240429T043246_2412003_004.nc
EMIT_L2B_MIN_001_20240925T082814_2426906_003,2024-09-25T08:28:14.000Z,2024-09-25T08:28:26.000Z,69,90.3,https://data.lpdaac.earthdatacloud.nasa.gov/lp-prod-protected/EMITL2BMIN.001/EMIT_L2B_MIN_001_20240925T082814_2426906_003/EMIT_L2B_MIN_001_20240925T082814_2426906_003.nc
EMIT_L2B_MIN_001_20250201T045900_2503204_012,2025-02-01T04:59:00.000Z,2025-02-01T04:59:11.000Z,69,80.9,https://data.lpdaac.earthdatacloud.nasa.gov/lp-prod-protected/EMITL2BMIN.001/EMIT_L2B_MIN_001_20250201T045900_2503204_012/EMIT_L2B_MIN_001_20250201T045900_2503204_012.nc
EMIT_L2B_MIN_001_20230418T091624_2310806_043,2023-04-18T09:16:24.000Z,2023-04-18T09:16:36.000Z,70,94.4,https://data.lpdaac.earthdatacloud.nasa.gov/lp-prod-protected/EMITL2BMIN.001/EMIT_L2B_MIN_001_20230418T091624_2310806_043/EMIT_L2B_MIN_001_20230418T091624_2310806_043.nc
EMIT_L2B_MIN_001_20231021T075501_2329405_042,2023-10-21T07:55:01.000Z,2023-10-21T07:55:13.000Z,70,87.6,https://data.lpdaac.earthdatacloud.nasa.gov/lp-prod-protected/EMITL2BMIN.001/EMIT_L2B_MIN_001_20231021T075501_2329405_042/EMIT_L2B_MIN_001_20231021T075501_2329405_042.nc
EMIT_L2B_MIN_001_20240610T024357_2416202_005,2024-06-10T02:43:57.000Z,2024-06-10T02:44:08.000Z,70,97.7,https://data.lpdaac.earthdatacloud.nasa.gov/lp-prod-protected/EMITL2BMIN.001/EMIT_L2B_MIN_001_20240610T024357_2416202_005/EMIT_L2B_MIN_001_20240610T024357_2416202_005.nc
EMIT_L2B_MIN_001_20240612T105443_2416407_011,2024-06-12T10:54:43.000Z,2024-06-12T10:54:54.000Z,70,105.5,https://data.lpdaac.earthdatacloud.nasa.gov/lp-prod-protected/EMITL2BMIN.001/EMIT_L2B_MIN_001_20240612T105443_2416407_011/EMIT_L2B_MIN_001_20240612T105443_2416407_011.nc
EMIT_L2B_MIN_001_20231130T065733_2333405_003,2023-11-30T06:57:33.000Z,2023-11-30T06:57:45.000Z,71,89.8,https://data.lpdaac.earthdatacloud.nasa.gov/lp-prod-protected/EMITL2BMIN.001/EMIT_L2B_MIN_001_20231130T065733_2333405_003/EMIT_L2B_MIN_001_20231130T065733_2333405_003.nc
EMIT_L2B_MIN_001_20241013T101731_2428707_026,2024-10-13T10:17:31.000Z,2024-10-13T10:17:51.000Z,71,139.3,https://data.lpdaac.earthdatacloud.nasa.gov/lp-prod-protected/EMITL2BMIN.001/EMIT_L2B_MIN_001_20241013T101731_2428707_026/EMIT_L2B_MIN_001_20241013T101731_2428707_026.nc
EMIT_L2B_MIN_001_20260417T074310_2610705_039,2026-04-17T07:43:10.000Z,2026-04-17T07:43:22.000Z,71,127.2,https://data.lpdaac.earthdatacloud.nasa.gov/lp-prod-protected/EMITL2BMIN.001/EMIT_L2B_MIN_001_20260417T074310_2610705_039/EMIT_L2B_MIN_001_20260417T074310_2610705_039.nc
EMIT_L2B_MIN_001_20260417T074346_2610705_042,2026-04-17T07:43:46.000Z,2026-04-17T07:44:09.000Z,71,171.7,https://data.lpdaac.earthdatacloud.nasa.gov/lp-prod-protected/EMITL2BMIN.001/EMIT_L2B_MIN_001_20260417T074346_2610705_042/EMIT_L2B_MIN_001_20260417T074346_2610705_042.nc
EMIT_L2B_MIN_001_20230227T050044_2305803_019,2023-02-27T05:00:44.000Z,2023-02-27T05:00:55.000Z,72,78.8,https://data.lpdaac.earthdatacloud.nasa.gov/lp-prod-protected/EMITL2BMIN.001/EMIT_L2B_MIN_001_20230227T050044_2305803_019/EMIT_L2B_MIN_001_20230227T050044_2305803_019.nc
EMIT_L2B_MIN_001_20230326T094901_2308507_010,2023-03-26T09:49:01.000Z,2023-03-26T09:49:13.000Z,72,103.1,https://data.lpdaac.earthdatacloud.nasa.gov/lp-prod-protected/EMITL2BMIN.001/EMIT_L2B_MIN_001_20230326T094901_2308507_010/EMIT_L2B_MIN_001_20230326T094901_2308507_010.nc
EMIT_L2B_MIN_001_20230925T092115_2326806_007,2023-09-25T09:21:15.000Z,2023-09-25T09:21:27.000Z,72,98.3,https://data.lpdaac.earthdatacloud.nasa.gov/lp-prod-protected/EMITL2BMIN.001/EMIT_L2B_MIN_001_20230925T092115_2326806_007/EMIT_L2B_MIN_001_20230925T092115_2326806_007.nc
EMIT_L2B_MIN_001_20231130T065745_2333405_004,2023-11-30T06:57:45.000Z,2023-11-30T06:57:57.000Z,72,86.7,https://data.lpdaac.earthdatacloud.nasa.gov/lp-prod-protected/EMITL2BMIN.001/EMIT_L2B_MIN_001_20231130T065745_2333405_004/EMIT_L2B_MIN_001_20231130T065745_2333405_004.nc
EMIT_L2B_MIN_001_20220904T025916_2224702_005,2022-09-04T02:59:16.000Z,2022-09-04T02:59:35.000Z,73,130.1,https://data.lpdaac.earthdatacloud.nasa.gov/lp-prod-protected/EMITL2BMIN.001/EMIT_L2B_MIN_001_20220904T025916_2224702_005/EMIT_L2B_MIN_001_20220904T025916_2224702_005.nc
EMIT_L2B_MIN_001_20230425T065012_2311505_040,2023-04-25T06:50:12.000Z,2023-04-25T06:50:24.000Z,73,99.7,https://data.lpdaac.earthdatacloud.nasa.gov/lp-prod-protected/EMITL2BMIN.001/EMIT_L2B_MIN_001_20230425T065012_2311505_040/EMIT_L2B_MIN_001_20230425T065012_2311505_040.nc
EMIT_L2B_MIN_001_20231022T070621_2329505_027,2023-10-22T07:06:21.000Z,2023-10-22T07:06:33.000Z,73,88.9,https://data.lpdaac.earthdatacloud.nasa.gov/lp-prod-protected/EMITL2BMIN.001/EMIT_L2B_MIN_001_20231022T070621_2329505_027/EMIT_L2B_MIN_001_20231022T070621_2329505_027.nc
EMIT_L2B_MIN_001_20240323T100811_2408307_005,2024-03-23T10:08:11.000Z,2024-03-23T10:08:31.000Z,73,175.7,https://data.lpdaac.earthdatacloud.nasa.gov/lp-prod-protected/EMITL2BMIN.001/EMIT_L2B_MIN_001_20240323T100811_2408307_005/EMIT_L2B_MIN_001_20240323T100811_2408307_005.nc
EMIT_L2B_MIN_001_20240404T052111_2409504_002,2024-04-04T05:21:11.000Z,2024-04-04T05:21:31.000Z,73,169.0,https://data.lpdaac.earthdatacloud.nasa.gov/lp-prod-protected/EMITL2BMIN.001/EMIT_L2B_MIN_001_20240404T052111_2409504_002/EMIT_L2B_MIN_001_20240404T052111_2409504_002.nc
EMIT_L2B_MIN_001_20240426T052412_2411704_010,2024-04-26T05:24:12.000Z,2024-04-26T05:24:24.000Z,73,82.3,https://data.lpdaac.earthdatacloud.nasa.gov/lp-prod-protected/EMITL2BMIN.001/EMIT_L2B_MIN_001_20240426T052412_2411704_010/EMIT_L2B_MIN_001_20240426T052412_2411704_010.nc
EMIT_L2B_MIN_001_20240625T051829_2417704_024,2024-06-25T05:18:29.000Z,2024-06-25T05:18:49.000Z,73,156.5,https://data.lpdaac.earthdatacloud.nasa.gov/lp-prod-protected/EMITL2BMIN.001/EMIT_L2B_MIN_001_20240625T051829_2417704_024/EMIT_L2B_MIN_001_20240625T051829_2417704_024.nc
EMIT_L2B_MIN_001_20230527T085217_2314706_005,2023-05-27T08:52:17.000Z,2023-05-27T08:52:29.000Z,74,103.6,https://data.lpdaac.earthdatacloud.nasa.gov/lp-prod-protected/EMITL2BMIN.001/EMIT_L2B_MIN_001_20230527T085217_2314706_005/EMIT_L2B_MIN_001_20230527T085217_2314706_005.nc
EMIT_L2B_MIN_001_20230621T080203_2317205_047,2023-06-21T08:02:03.000Z,2023-06-21T08:02:24.000Z,74,180.0,https://data.lpdaac.earthdatacloud.nasa.gov/lp-prod-protected/EMITL2BMIN.001/EMIT_L2B_MIN_001_20230621T080203_2317205_047/EMIT_L2B_MIN_001_20230621T080203_2317205_047.nc
EMIT_L2B_MIN_001_20230817T092824_2322906_043,2023-08-17T09:28:24.000Z,2023-08-17T09:28:36.000Z,74,90.0,https://data.lpdaac.earthdatacloud.nasa.gov/lp-prod-protected/EMITL2BMIN.001/EMIT_L2B_MIN_001_20230817T092824_2322906_043/EMIT_L2B_MIN_001_20230817T092824_2322906_043.nc
EMIT_L2B_MIN_001_20231021T075449_2329405_041,2023-10-21T07:54:49.000Z,2023-10-21T07:55:01.000Z,74,81.4,https://data.lpdaac.earthdatacloud.nasa.gov/lp-prod-protected/EMITL2BMIN.001/EMIT_L2B_MIN_001_20231021T075449_2329405_041/EMIT_L2B_MIN_001_20231021T075449_2329405_041.nc
EMIT_L2B_MIN_001_20231225T060956_2335904_002,2023-12-25T06:09:56.000Z,2023-12-25T06:10:08.000Z,74,85.1,https://data.lpdaac.earthdatacloud.nasa.gov/lp-prod-protected/EMITL2BMIN.001/EMIT_L2B_MIN_001_20231225T060956_2335904_002/EMIT_L2B_MIN_001_20231225T060956_2335904_002.nc
EMIT_L2B_MIN_001_20231226T052236_2336004_002,2023-12-26T05:22:36.000Z,2023-12-26T05:22:48.000Z,74,80.4,https://data.lpdaac.earthdatacloud.nasa.gov/lp-prod-protected/EMITL2BMIN.001/EMIT_L2B_MIN_001_20231226T052236_2336004_002/EMIT_L2B_MIN_001_20231226T052236_2336004_002.nc
EMIT_L2B_MIN_001_20230128T080112_2302806_005,2023-01-28T08:01:12.000Z,2023-01-28T08:01:23.000Z,75,84.4,https://data.lpdaac.earthdatacloud.nasa.gov/lp-prod-protected/EMITL2BMIN.001/EMIT_L2B_MIN_001_20230128T080112_2302806_005/EMIT_L2B_MINUNCERT_001_20230128T080112_2302806_005.nc
EMIT_L2B_MIN_001_20230326T094913_2308507_011,2023-03-26T09:49:13.000Z,2023-03-26T09:49:24.000Z,75,96.3,https://data.lpdaac.earthdatacloud.nasa.gov/lp-prod-protected/EMITL2BMIN.001/EMIT_L2B_MIN_001_20230326T094913_2308507_011/EMIT_L2B_MIN_001_20230326T094913_2308507_011.nc
EMIT_L2B_MIN_001_20230418T091613_2310806_042,2023-04-18T09:16:13.000Z,2023-04-18T09:16:24.000Z,75,95.5,https://data.lpdaac.earthdatacloud.nasa.gov/lp-prod-protected/EMITL2BMIN.001/EMIT_L2B_MIN_001_20230418T091613_2310806_042/EMIT_L2B_MIN_001_20230418T091613_2310806_042.nc
EMIT_L2B_MIN_001_20240612T105454_2416407_012,2024-06-12T10:54:54.000Z,2024-06-12T10:55:06.000Z,75,105.5,https://data.lpdaac.earthdatacloud.nasa.gov/lp-prod-protected/EMITL2BMIN.001/EMIT_L2B_MIN_001_20240612T105454_2416407_012/EMIT_L2B_MIN_001_20240612T105454_2416407_012.nc
EMIT_L2B_MIN_001_20260325T075556_2608405_007,2026-03-25T07:55:56.000Z,2026-03-25T07:56:19.000Z,75,152.8,https://data.lpdaac.earthdatacloud.nasa.gov/lp-prod-protected/EMITL2BMIN.001/EMIT_L2B_MIN_001_20260325T075556_2608405_007/EMIT_L2B_MIN_001_20260325T075556_2608405_007.nc
EMIT_L2B_MIN_001_20260402T045458_2609203_010,2026-04-02T04:54:58.000Z,2026-04-02T04:55:10.000Z,75,88.7,https://data.lpdaac.earthdatacloud.nasa.gov/lp-prod-protected/EMITL2BMIN.001/EMIT_L2B_MIN_001_20260402T045458_2609203_010/EMIT_L2B_MIN_001_20260402T045458_2609203_010.nc
EMIT_L2B_MIN_001_20260627T033317_2617802_002,2026-06-27T03:33:17.000Z,2026-06-27T03:33:29.000Z,75,127.7,https://data.lpdaac.earthdatacloud.nasa.gov/lp-prod-protected/EMITL2BMIN.001/EMIT_L2B_MIN_001_20260627T033317_2617802_002/EMIT_L2B_MIN_001_20260627T033317_2617802_002.nc
EMIT_L2B_MIN_001_20220828T052354_2224004_017,2022-08-28T05:23:54.000Z,2022-08-28T05:24:11.000Z,76,114.4,https://data.lpdaac.earthdatacloud.nasa.gov/lp-prod-protected/EMITL2BMIN.001/EMIT_L2B_MIN_001_20220828T052354_2224004_017/EMIT_L2B_MIN_001_20220828T052354_2224004_017.nc
EMIT_L2B_MIN_001_20230530T080421_2315006_013,2023-05-30T08:04:21.000Z,2023-05-30T08:04:33.000Z,76,93.4,https://data.lpdaac.earthdatacloud.nasa.gov/lp-prod-protected/EMITL2BMIN.001/EMIT_L2B_MIN_001_20230530T080421_2315006_013/EMIT_L2B_MIN_001_20230530T080421_2315006_013.nc
EMIT_L2B_MIN_001_20240726T081833_2420806_006,2024-07-26T08:18:33.000Z,2024-07-26T08:18:45.000Z,76,82.9,https://data.lpdaac.earthdatacloud.nasa.gov/lp-prod-protected/EMITL2BMIN.001/EMIT_L2B_MIN_001_20240726T081833_2420806_006/EMIT_L2B_MIN_001_20240726T081833_2420806_006.nc
EMIT_L2B_MIN_001_20260425T043847_2611503_011,2026-04-25T04:38:47.000Z,2026-04-25T04:38:59.000Z,76,96.6,https://data.lpdaac.earthdatacloud.nasa.gov/lp-prod-protected/EMITL2BMIN.001/EMIT_L2B_MIN_001_20260425T043847_2611503_011/EMIT_L2B_MIN_001_20260425T043847_2611503_011.nc
EMIT_L2B_MIN_001_20220816T101505_2222807_028,2022-08-16T10:15:05.000Z,2022-08-16T10:15:17.000Z,77,88.3,https://data.lpdaac.earthdatacloud.nasa.gov/lp-prod-protected/EMITL2BMIN.001/EMIT_L2B_MIN_001_20220816T101505_2222807_028/EMIT_L2B_MIN_001_20220816T101505_2222807_028.nc
EMIT_L2B_MIN_001_20220828T052330_2224004_015,2022-08-28T05:23:30.000Z,2022-08-28T05:23:42.000Z,77,83.3,https://data.lpdaac.earthdatacloud.nasa.gov/lp-prod-protected/EMITL2BMIN.001/EMIT_L2B_MIN_001_20220828T052330_2224004_015/EMIT_L2B_MIN_001_20220828T052330_2224004_015.nc
EMIT_L2B_MIN_001_20230227T050119_2305803_022,2023-02-27T05:01:19.000Z,2023-02-27T05:01:31.000Z,77,79.0,https://data.lpdaac.earthdatacloud.nasa.gov/lp-prod-protected/EMITL2BMIN.001/EMIT_L2B_MIN_001_20230227T050119_2305803_022/EMIT_L2B_MIN_001_20230227T050119_2305803_022.nc
EMIT_L2B_MIN_001_20230327T090029_2308606_006,2023-03-27T09:00:29.000Z,2023-03-27T09:00:40.000Z,77,93.6,https://data.lpdaac.earthdatacloud.nasa.gov/lp-prod-protected/EMITL2BMIN.001/EMIT_L2B_MIN_001_20230327T090029_2308606_006/EMIT_L2B_MIN_001_20230327T090029_2308606_006.nc
EMIT_L2B_MIN_001_20230331T072500_2309005_007,2023-03-31T07:25:00.000Z,2023-03-31T07:25:12.000Z,77,93.7,https://data.lpdaac.earthdatacloud.nasa.gov/lp-prod-protected/EMITL2BMIN.001/EMIT_L2B_MIN_001_20230331T072500_2309005_007/EMIT_L2B_MIN_001_20230331T072500_2309005_007.nc
EMIT_L2B_MIN_001_20250925T073359_2526805_011,2025-09-25T07:33:59.000Z,2025-09-25T07:34:11.000Z,77,97.1,https://data.lpdaac.earthdatacloud.nasa.gov/lp-prod-protected/EMITL2BMIN.001/EMIT_L2B_MIN_001_20250925T073359_2526805_011/EMIT_L2B_MIN_001_20250925T073359_2526805_011.nc
EMIT_L2B_MIN_001_20260523T084519_2614306_006,2026-05-23T08:45:19.000Z,2026-05-23T08:45:31.000Z,77,115.3,https://data.lpdaac.earthdatacloud.nasa.gov/lp-prod-protected/EMITL2BMIN.001/EMIT_L2B_MIN_001_20260523T084519_2614306_006/EMIT_L2B_MIN_001_20260523T084519_2614306_006.nc
EMIT_L2B_MIN_001_20230227T050107_2305803_021,2023-02-27T05:01:07.000Z,2023-02-27T05:01:19.000Z,78,76.6,https://data.lpdaac.earthdatacloud.nasa.gov/lp-prod-protected/EMITL2BMIN.001/EMIT_L2B_MIN_001_20230227T050107_2305803_021/EMIT_L2B_MIN_001_20230227T050107_2305803_021.nc
EMIT_L2B_MIN_001_20230429T051232_2311903_029,2023-04-29T05:12:32.000Z,2023-04-29T05:12:44.000Z,78,84.1,https://data.lpdaac.earthdatacloud.nasa.gov/lp-prod-protected/EMITL2BMIN.001/EMIT_L2B_MIN_001_20230429T051232_2311903_029/EMIT_L2B_MIN_001_20230429T051232_2311903_029.nc
EMIT_L2B_MIN_001_20230527T085229_2314706_006,2023-05-27T08:52:29.000Z,2023-05-27T08:52:40.000Z,78,102.8,https://data.lpdaac.earthdatacloud.nasa.gov/lp-prod-protected/EMITL2BMIN.001/EMIT_L2B_MIN_001_20230527T085229_2314706_006/EMIT_L2B_MIN_001_20230527T085229_2314706_006.nc
EMIT_L2B_MIN_001_20230603T062525_2315405_007,2023-06-03T06:25:25.000Z,2023-06-03T06:25:37.000Z,78,105.3,https://data.lpdaac.earthdatacloud.nasa.gov/lp-prod-protected/EMITL2BMIN.001/EMIT_L2B_MIN_001_20230603T062525_2315405_007/EMIT_L2B_MIN_001_20230603T062525_2315405_007.nc
EMIT_L2B_MIN_001_20230624T071219_2317505_041,2023-06-24T07:12:19.000Z,2023-06-24T07:12:31.000Z,78,80.5,https://data.lpdaac.earthdatacloud.nasa.gov/lp-prod-protected/EMITL2BMIN.001/EMIT_L2B_MIN_001_20230624T071219_2317505_041/EMIT_L2B_MIN_001_20230624T071219_2317505_041.nc
EMIT_L2B_MIN_001_20251130T052814_2533403_010,2025-11-30T05:28:14.000Z,2025-11-30T05:28:26.000Z,78,86.8,https://data.lpdaac.earthdatacloud.nasa.gov/lp-prod-protected/EMITL2BMIN.001/EMIT_L2B_MIN_001_20251130T052814_2533403_010/EMIT_L2B_MIN_001_20251130T052814_2533403_010.nc
EMIT_L2B_MIN_001_20260131T051144_2603103_012,2026-01-31T05:11:44.000Z,2026-01-31T05:11:56.000Z,78,94.0,https://data.lpdaac.earthdatacloud.nasa.gov/lp-prod-protected/EMITL2BMIN.001/EMIT_L2B_MIN_001_20260131T051144_2603103_012/EMIT_L2B_MIN_001_20260131T051144_2603103_012.nc
EMIT_L2B_MIN_001_20230227T050055_2305803_020,2023-02-27T05:00:55.000Z,2023-02-27T05:01:07.000Z,79,76.5,https://data.lpdaac.earthdatacloud.nasa.gov/lp-prod-protected/EMITL2BMIN.001/EMIT_L2B_MIN_001_20230227T050055_2305803_020/EMIT_L2B_MIN_001_20230227T050055_2305803_020.nc
EMIT_L2B_MIN_001_20230527T085240_2314706_007,2023-05-27T08:52:40.000Z,2023-05-27T08:52:52.000Z,79,102.2,https://data.lpdaac.earthdatacloud.nasa.gov/lp-prod-protected/EMITL2BMIN.001/EMIT_L2B_MIN_001_20230527T085240_2314706_007/EMIT_L2B_MIN_001_20230527T085240_2314706_007.nc
EMIT_L2B_MIN_001_20231130T065920_2333405_012,2023-11-30T06:59:20.000Z,2023-11-30T06:59:31.000Z,79,90.8,https://data.lpdaac.earthdatacloud.nasa.gov/lp-prod-protected/EMITL2BMIN.001/EMIT_L2B_MIN_001_20231130T065920_2333405_012/EMIT_L2B_MIN_001_20231130T065920_2333405_012.nc
EMIT_L2B_MIN_001_20231130T065931_2333405_013,2023-11-30T06:59:31.000Z,2023-11-30T06:59:43.000Z,79,83.1,https://data.lpdaac.earthdatacloud.nasa.gov/lp-prod-protected/EMITL2BMIN.001/EMIT_L2B_MIN_001_20231130T065931_2333405_013/EMIT_L2B_MIN_001_20231130T065931_2333405_013.nc
EMIT_L2B_MIN_001_20240202T055936_2403304_005,2024-02-02T05:59:36.000Z,2024-02-02T05:59:56.000Z,79,146.0,https://data.lpdaac.earthdatacloud.nasa.gov/lp-prod-protected/EMITL2BMIN.001/EMIT_L2B_MIN_001_20240202T055936_2403304_005/EMIT_L2B_MIN_001_20240202T055936_2403304_005.nc
EMIT_L2B_MIN_001_20230617T093920_2316806_052,2023-06-17T09:39:20.000Z,2023-06-17T09:39:32.000Z,81,96.7,https://data.lpdaac.earthdatacloud.nasa.gov/lp-prod-protected/EMITL2BMIN.001/EMIT_L2B_MIN_001_20230617T093920_2316806_052/EMIT_L2B_MIN_001_20230617T093920_2316806_052.nc
EMIT_L2B_MIN_001_20240522T101511_2414307_002,2024-05-22T10:15:11.000Z,2024-05-22T10:15:23.000Z,81,107.2,https://data.lpdaac.earthdatacloud.nasa.gov/lp-prod-protected/EMITL2BMIN.001/EMIT_L2B_MIN_001_20240522T101511_2414307_002/EMIT_L2B_MIN_001_20240522T101511_2414307_002.nc
EMIT_L2B_MIN_001_20230430T042348_2312003_015,2023-04-30T04:23:48.000Z,2023-04-30T04:24:04.000Z,82,115.0,https://data.lpdaac.earthdatacloud.nasa.gov/lp-prod-protected/EMITL2BMIN.001/EMIT_L2B_MIN_001_20230430T042348_2312003_015/EMIT_L2B_MIN_001_20230430T042348_2312003_015.nc
EMIT_L2B_MIN_001_20230526T094129_2314607_009,2023-05-26T09:41:29.000Z,2023-05-26T09:41:41.000Z,82,100.0,https://data.lpdaac.earthdatacloud.nasa.gov/lp-prod-protected/EMITL2BMIN.001/EMIT_L2B_MIN_001_20230526T094129_2314607_009/EMIT_L2B_MIN_001_20230526T094129_2314607_009.nc
EMIT_L2B_MIN_001_20230902T030505_2324502_009,2023-09-02T03:05:05.000Z,2023-09-02T03:05:17.000Z,82,84.6,https://data.lpdaac.earthdatacloud.nasa.gov/lp-prod-protected/EMITL2BMIN.001/EMIT_L2B_MIN_001_20230902T030505_2324502_009/EMIT_L2B_MIN_001_20230902T030505_2324502_009.nc
EMIT_L2B_MIN_001_20231130T065808_2333405_006,2023-11-30T06:58:08.000Z,2023-11-30T06:58:20.000Z,82,88.6,https://data.lpdaac.earthdatacloud.nasa.gov/lp-prod-protected/EMITL2BMIN.001/EMIT_L2B_MIN_001_20231130T065808_2333405_006/EMIT_L2B_MIN_001_20231130T065808_2333405_006.nc
EMIT_L2B_MIN_001_20250531T055746_2515104_002,2025-05-31T05:57:46.000Z,2025-05-31T05:57:58.000Z,82,92.9,https://data.lpdaac.earthdatacloud.nasa.gov/lp-prod-protected/EMITL2BMIN.001/EMIT_L2B_MIN_001_20250531T055746_2515104_002/EMIT_L2B_MIN_001_20250531T055746_2515104_002.nc
EMIT_L2B_MIN_001_20251215T080915_2534906_015,2025-12-15T08:09:15.000Z,2025-12-15T08:09:27.000Z,82,90.3,https://data.lpdaac.earthdatacloud.nasa.gov/lp-prod-protected/EMITL2BMIN.001/EMIT_L2B_MIN_001_20251215T080915_2534906_015/EMIT_L2B_MIN_001_20251215T080915_2534906_015.nc
EMIT_L2B_MIN_001_20230404T055102_2309404_008,2023-04-04T05:51:02.000Z,2023-04-04T05:51:14.000Z,83,83.6,https://data.lpdaac.earthdatacloud.nasa.gov/lp-prod-protected/EMITL2BMIN.001/EMIT_L2B_MIN_001_20230404T055102_2309404_008/EMIT_L2B_MIN_001_20230404T055102_2309404_008.nc
EMIT_L2B_MIN_001_20250414T091119_2510406_024,2025-04-14T09:11:19.000Z,2025-04-14T09:11:39.000Z,83,155.9,https://data.lpdaac.earthdatacloud.nasa.gov/lp-prod-protected/EMITL2BMIN.001/EMIT_L2B_MIN_001_20250414T091119_2510406_024/EMIT_L2B_MIN_001_20250414T091119_2510406_024.nc
EMIT_L2B_MIN_001_20230124T093821_2302407_002,2023-01-24T09:38:21.000Z,2023-01-24T09:38:33.000Z,84,77.6,https://data.lpdaac.earthdatacloud.nasa.gov/lp-prod-protected/EMITL2BMIN.001/EMIT_L2B_MIN_001_20230124T093821_2302407_002/EMIT_L2B_MIN_001_20230124T093821_2302407_002.nc
EMIT_L2B_MIN_001_20230128T080135_2302806_007,2023-01-28T08:01:35.000Z,2023-01-28T08:01:47.000Z,84,82.5,https://data.lpdaac.earthdatacloud.nasa.gov/lp-prod-protected/EMITL2BMIN.001/EMIT_L2B_MIN_001_20230128T080135_2302806_007/EMIT_L2B_MIN_001_20230128T080135_2302806_007.nc
EMIT_L2B_MIN_001_20230331T072536_2309005_010,2023-03-31T07:25:36.000Z,2023-03-31T07:25:48.000Z,84,96.2,https://data.lpdaac.earthdatacloud.nasa.gov/lp-prod-protected/EMITL2BMIN.001/EMIT_L2B_MIN_001_20230331T072536_2309005_010/EMIT_L2B_MIN_001_20230331T072536_2309005_010.nc
EMIT_L2B_MIN_001_20230603T062502_2315405_005,2023-06-03T06:25:02.000Z,2023-06-03T06:25:13.000Z,84,102.3,https://data.lpdaac.earthdatacloud.nasa.gov/lp-prod-protected/EMITL2BMIN.001/EMIT_L2B_MIN_001_20230603T062502_2315405_005/EMIT_L2B_MIN_001_20230603T062502_2315405_005.nc
EMIT_L2B_MIN_001_20231022T070633_2329505_028,2023-10-22T07:06:33.000Z,2023-10-22T07:06:45.000Z,84,87.5,https://data.lpdaac.earthdatacloud.nasa.gov/lp-prod-protected/EMITL2BMIN.001/EMIT_L2B_MIN_001_20231022T070633_2329505_028/EMIT_L2B_MIN_001_20231022T070633_2329505_028.nc
EMIT_L2B_MIN_001_20241004T042614_2427803_009,2024-10-04T04:26:14.000Z,2024-10-04T04:26:26.000Z,84,88.0,https://data.lpdaac.earthdatacloud.nasa.gov/lp-prod-protected/EMITL2BMIN.001/EMIT_L2B_MIN_001_20241004T042614_2427803_009/EMIT_L2B_MIN_001_20241004T042614_2427803_009.nc
EMIT_L2B_MIN_001_20251126T070004_2533004_013,2025-11-26T07:00:04.000Z,2025-11-26T07:00:16.000Z,84,105.9,https://data.lpdaac.earthdatacloud.nasa.gov/lp-prod-protected/EMITL2BMIN.001/EMIT_L2B_MIN_001_20251126T070004_2533004_013/EMIT_L2B_MIN_001_20251126T070004_2533004_013.nc
EMIT_L2B_MIN_001_20260324T084357_2608305_019,2026-03-24T08:43:57.000Z,2026-03-24T08:44:09.000Z,84,114.0,https://data.lpdaac.earthdatacloud.nasa.gov/lp-prod-protected/EMITL2BMIN.001/EMIT_L2B_MIN_001_20260324T084357_2608305_019/EMIT_L2B_MIN_001_20260324T084357_2608305_019.nc
EMIT_L2B_MIN_001_20230302T041447_2306103_013,2023-03-02T04:14:47.000Z,2023-03-02T04:15:04.000Z,85,108.5,https://data.lpdaac.earthdatacloud.nasa.gov/lp-prod-protected/EMITL2BMIN.001/EMIT_L2B_MIN_001_20230302T041447_2306103_013/EMIT_L2B_MIN_001_20230302T041447_2306103_013.nc
EMIT_L2B_MIN_001_20230330T081326_2308906_010,2023-03-30T08:13:26.000Z,2023-03-30T08:13:38.000Z,85,84.9,https://data.lpdaac.earthdatacloud.nasa.gov/lp-prod-protected/EMITL2BMIN.001/EMIT_L2B_MIN_001_20230330T081326_2308906_010/EMIT_L2B_MIN_001_20230330T081326_2308906_010.nc
EMIT_L2B_MIN_001_20230407T050325_2309704_007,2023-04-07T05:03:25.000Z,2023-04-07T05:03:37.000Z,85,101.3,https://data.lpdaac.earthdatacloud.nasa.gov/lp-prod-protected/EMITL2BMIN.001/EMIT_L2B_MIN_001_20230407T050325_2309704_007/EMIT_L2B_MIN_001_20230407T050325_2309704_007.nc
EMIT_L2B_MIN_001_20230603T062513_2315405_006,2023-06-03T06:25:13.000Z,2023-06-03T06:25:25.000Z,85,104.0,https://data.lpdaac.earthdatacloud.nasa.gov/lp-prod-protected/EMITL2BMIN.001/EMIT_L2B_MIN_001_20230603T062513_2315405_006/EMIT_L2B_MIN_001_20230603T062513_2315405_006.nc
EMIT_L2B_MIN_001_20230726T091826_2320706_013,2023-07-26T09:18:26.000Z,2023-07-26T09:18:38.000Z,85,79.0,https://data.lpdaac.earthdatacloud.nasa.gov/lp-prod-protected/EMITL2BMIN.001/EMIT_L2B_MIN_001_20230726T091826_2320706_013/EMIT_L2B_MIN_001_20230726T091826_2320706_013.nc
EMIT_L2B_MIN_001_20240522T101459_2414307_001,2024-05-22T10:14:59.000Z,2024-05-22T10:15:11.000Z,85,105.5,https://data.lpdaac.earthdatacloud.nasa.gov/lp-prod-protected/EMITL2BMIN.001/EMIT_L2B_MIN_001_20240522T101459_2414307_001/EMIT_L2B_MIN_001_20240522T101459_2414307_001.nc
EMIT_L2B_MIN_001_20230926T083325_2326906_007,2023-09-26T08:33:25.000Z,2023-09-26T08:33:37.000Z,86,87.3,https://data.lpdaac.earthdatacloud.nasa.gov/lp-prod-protected/EMITL2BMIN.001/EMIT_L2B_MIN_001_20230926T083325_2326906_007/EMIT_L2B_MIN_001_20230926T083325_2326906_007.nc
EMIT_L2B_MIN_001_20240203T051304_2403404_001,2024-02-03T05:13:04.000Z,2024-02-03T05:13:16.000Z,86,78.0,https://data.lpdaac.earthdatacloud.nasa.gov/lp-prod-protected/EMITL2BMIN.001/EMIT_L2B_MIN_001_20240203T051304_2403404_001/EMIT_L2B_MIN_001_20240203T051304_2403404_001.nc
EMIT_L2B_MIN_001_20240828T042114_2424103_003,2024-08-28T04:21:14.000Z,2024-08-28T04:21:34.000Z,86,163.9,https://data.lpdaac.earthdatacloud.nasa.gov/lp-prod-protected/EMITL2BMIN.001/EMIT_L2B_MIN_001_20240828T042114_2424103_003/EMIT_L2B_MIN_001_20240828T042114_2424103_003.nc
EMIT_L2B_MIN_001_20260220T054751_2605104_002,2026-02-20T05:47:51.000Z,2026-02-20T05:48:03.000Z,86,80.2,https://data.lpdaac.earthdatacloud.nasa.gov/lp-prod-protected/EMITL2BMIN.001/EMIT_L2B_MIN_001_20260220T054751_2605104_002/EMIT_L2B_MIN_001_20260220T054751_2605104_002.nc
EMIT_L2B_MIN_001_20260425T043827_2611503_010,2026-04-25T04:38:27.000Z,2026-04-25T04:38:39.000Z,86,92.4,https://data.lpdaac.earthdatacloud.nasa.gov/lp-prod-protected/EMITL2BMIN.001/EMIT_L2B_MIN_001_20260425T043827_2611503_010/EMIT_L2B_MIN_001_20260425T043827_2611503_010.nc
EMIT_L2B_MIN_001_20230323T103507_2308207_005,2023-03-23T10:35:07.000Z,2023-03-23T10:35:18.000Z,87,94.1,https://data.lpdaac.earthdatacloud.nasa.gov/lp-prod-protected/EMITL2BMIN.001/EMIT_L2B_MIN_001_20230323T103507_2308207_005/EMIT_L2B_MIN_001_20230323T103507_2308207_005.nc
EMIT_L2B_MIN_001_20230327T090040_2308606_007,2023-03-27T09:00:40.000Z,2023-03-27T09:00:52.000Z,87,95.8,https://data.lpdaac.earthdatacloud.nasa.gov/lp-prod-protected/EMITL2BMIN.001/EMIT_L2B_MIN_001_20230327T090040_2308606_007/EMIT_L2B_MIN_001_20230327T090040_2308606_007.nc
EMIT_L2B_MIN_001_20230702T035521_2318303_007,2023-07-02T03:55:21.000Z,2023-07-02T03:55:33.000Z,87,85.5,https://data.lpdaac.earthdatacloud.nasa.gov/lp-prod-protected/EMITL2BMIN.001/EMIT_L2B_MIN_001_20230702T035521_2318303_007/EMIT_L2B_MIN_001_20230702T035521_2318303_007.nc
EMIT_L2B_MIN_001_20240519T110818_2414008_014,2024-05-19T11:08:18.000Z,2024-05-19T11:08:30.000Z,87,98.9,https://data.lpdaac.earthdatacloud.nasa.gov/lp-prod-protected/EMITL2BMIN.001/EMIT_L2B_MIN_001_20240519T110818_2414008_014/EMIT_L2B_MIN_001_20240519T110818_2414008_014.nc
EMIT_L2B_MIN_001_20241017T084120_2429106_017,2024-10-17T08:41:20.000Z,2024-10-17T08:41:32.000Z,87,85.0,https://data.lpdaac.earthdatacloud.nasa.gov/lp-prod-protected/EMITL2BMIN.001/EMIT_L2B_MIN_001_20241017T084120_2429106_017/EMIT_L2B_MIN_001_20241017T084120_2429106_017.nc
EMIT_L2B_MIN_001_20240323T100759_2408307_004,2024-03-23T10:07:59.000Z,2024-03-23T10:08:11.000Z,88,103.9,https://data.lpdaac.earthdatacloud.nasa.gov/lp-prod-protected/EMITL2BMIN.001/EMIT_L2B_MIN_001_20240323T100759_2408307_004/EMIT_L2B_MIN_001_20240323T100759_2408307_004.nc
EMIT_L2B_MIN_001_20240415T093051_2410606_021,2024-04-15T09:30:51.000Z,2024-04-15T09:31:11.000Z,88,157.0,https://data.lpdaac.earthdatacloud.nasa.gov/lp-prod-protected/EMITL2BMIN.001/EMIT_L2B_MIN_001_20240415T093051_2410606_021/EMIT_L2B_MIN_001_20240415T093051_2410606_021.nc
EMIT_L2B_MIN_001_20240726T081821_2420806_005,2024-07-26T08:18:21.000Z,2024-07-26T08:18:33.000Z,88,86.6,https://data.lpdaac.earthdatacloud.nasa.gov/lp-prod-protected/EMITL2BMIN.001/EMIT_L2B_MIN_001_20240726T081821_2420806_005/EMIT_L2B_MIN_001_20240726T081821_2420806_005.nc
EMIT_L2B_MIN_001_20260604T040039_2615503_002,2026-06-04T04:00:39.000Z,2026-06-04T04:00:51.000Z,88,98.1,https://data.lpdaac.earthdatacloud.nasa.gov/lp-prod-protected/EMITL2BMIN.001/EMIT_L2B_MIN_001_20260604T040039_2615503_002/EMIT_L2B_MIN_001_20260604T040039_2615503_002.nc
EMIT_L2B_MIN_001_20230530T080358_2315006_011,2023-05-30T08:03:58.000Z,2023-05-30T08:04:10.000Z,89,85.2,https://data.lpdaac.earthdatacloud.nasa.gov/lp-prod-protected/EMITL2BMIN.001/EMIT_L2B_MIN_001_20230530T080358_2315006_011/EMIT_L2B_MIN_001_20230530T080358_2315006_011.nc
EMIT_L2B_MIN_001_20230620T084957_2317106_039,2023-06-20T08:49:57.000Z,2023-06-20T08:50:09.000Z,89,103.0,https://data.lpdaac.earthdatacloud.nasa.gov/lp-prod-protected/EMITL2BMIN.001/EMIT_L2B_MIN_001_20230620T084957_2317106_039/EMIT_L2B_MIN_001_20230620T084957_2317106_039.nc
EMIT_L2B_MIN_001_20230922T100911_2326507_010,2023-09-22T10:09:11.000Z,2023-09-22T10:09:23.000Z,89,90.7,https://data.lpdaac.earthdatacloud.nasa.gov/lp-prod-protected/EMITL2BMIN.001/EMIT_L2B_MIN_001_20230922T100911_2326507_010/EMIT_L2B_MIN_001_20230922T100911_2326507_010.nc
EMIT_L2B_MIN_001_20230926T083314_2326906_006,2023-09-26T08:33:14.000Z,2023-09-26T08:33:25.000Z,89,87.3,https://data.lpdaac.earthdatacloud.nasa.gov/lp-prod-protected/EMITL2BMIN.001/EMIT_L2B_MIN_001_20230926T083314_2326906_006/EMIT_L2B_MIN_001_20230926T083314_2326906_006.nc
EMIT_L2B_MIN_001_20230926T083337_2326906_008,2023-09-26T08:33:37.000Z,2023-09-26T08:33:49.000Z,89,89.9,https://data.lpdaac.earthdatacloud.nasa.gov/lp-prod-protected/EMITL2BMIN.001/EMIT_L2B_MIN_001_20230926T083337_2326906_008/EMIT_L2B_MIN_001_20230926T083337_2326906_008.nc
EMIT_L2B_MIN_001_20231021T075537_2329405_045,2023-10-21T07:55:37.000Z,2023-10-21T07:55:49.000Z,89,93.2,https://data.lpdaac.earthdatacloud.nasa.gov/lp-prod-protected/EMITL2BMIN.001/EMIT_L2B_MIN_001_20231021T075537_2329405_045/EMIT_L2B_MIN_001_20231021T075537_2329405_045.nc
EMIT_L2B_MIN_001_20231204T052225_2333804_012,2023-12-04T05:22:25.000Z,2023-12-04T05:22:36.000Z,89,82.3,https://data.lpdaac.earthdatacloud.nasa.gov/lp-prod-protected/EMITL2BMIN.001/EMIT_L2B_MIN_001_20231204T052225_2333804_012/EMIT_L2B_MIN_001_20231204T052225_2333804_012.nc
EMIT_L2B_MIN_001_20240130T064736_2403005_002,2024-01-30T06:47:36.000Z,2024-01-30T06:47:48.000Z,89,75.3,https://data.lpdaac.earthdatacloud.nasa.gov/lp-prod-protected/EMITL2BMIN.001/EMIT_L2B_MIN_001_20240130T064736_2403005_002/EMIT_L2B_MIN_001_20240130T064736_2403005_002.nc
EMIT_L2B_MIN_001_20240730T063841_2421205_002,2024-07-30T06:38:41.000Z,2024-07-30T06:39:01.000Z,89,138.0,https://data.lpdaac.earthdatacloud.nasa.gov/lp-prod-protected/EMITL2BMIN.001/EMIT_L2B_MIN_001_20240730T063841_2421205_002/EMIT_L2B_MIN_001_20240730T063841_2421205_002.nc
EMIT_L2B_MIN_001_20241017T084132_2429106_018,2024-10-17T08:41:32.000Z,2024-10-17T08:41:44.000Z,89,84.0,https://data.lpdaac.earthdatacloud.nasa.gov/lp-prod-protected/EMITL2BMIN.001/EMIT_L2B_MIN_001_20241017T084132_2429106_018/EMIT_L2B_MIN_001_20241017T084132_2429106_018.nc
EMIT_L2B_MIN_001_20250131T054758_2503104_011,2025-01-31T05:47:58.000Z,2025-01-31T05:48:10.000Z,89,79.2,https://data.lpdaac.earthdatacloud.nasa.gov/lp-prod-protected/EMITL2BMIN.001/EMIT_L2B_MIN_001_20250131T054758_2503104_011/EMIT_L2B_MIN_001_20250131T054758_2503104_011.nc
EMIT_L2B_MIN_001_20250614T091803_2516506_026,2025-06-14T09:18:03.000Z,2025-06-14T09:18:24.000Z,89,137.4,https://data.lpdaac.earthdatacloud.nasa.gov/lp-prod-protected/EMITL2BMIN.001/EMIT_L2B_MIN_001_20250614T091803_2516506_026/EMIT_L2B_MIN_001_20250614T091803_2516506_026.nc
EMIT_L2B_MIN_001_20251020T070223_2529305_003,2025-10-20T07:02:23.000Z,2025-10-20T07:02:35.000Z,89,90.5,https://data.lpdaac.earthdatacloud.nasa.gov/lp-prod-protected/EMITL2BMIN.001/EMIT_L2B_MIN_001_20251020T070223_2529305_003/EMIT_L2B_MIN_001_20251020T070223_2529305_003.nc
EMIT_L2B_MIN_001_20260324T084324_2608305_018,2026-03-24T08:43:24.000Z,2026-03-24T08:43:44.000Z,89,156.4,https://data.lpdaac.earthdatacloud.nasa.gov/lp-prod-protected/EMITL2BMIN.001/EMIT_L2B_MIN_001_20260324T084324_2608305_018/EMIT_L2B_MIN_001_20260324T084324_2608305_018.nc
EMIT_L2B_MIN_001_20260402T045447_2609203_009,2026-04-02T04:54:47.000Z,2026-04-02T04:54:58.000Z,89,99.0,https://data.lpdaac.earthdatacloud.nasa.gov/lp-prod-protected/EMITL2BMIN.001/EMIT_L2B_MIN_001_20260402T045447_2609203_009/EMIT_L2B_MIN_001_20260402T045447_2609203_009.nc
EMIT_L2B_MIN_001_20220820T083819_2223206_032,2022-08-20T08:38:19.000Z,2022-08-20T08:38:31.000Z,90,86.6,https://data.lpdaac.earthdatacloud.nasa.gov/lp-prod-protected/EMITL2BMIN.001/EMIT_L2B_MIN_001_20220820T083819_2223206_032/EMIT_L2B_MIN_001_20220820T083819_2223206_032.nc
EMIT_L2B_MIN_001_20220901T034652_2224403_009,2022-09-01T03:46:52.000Z,2022-09-01T03:47:03.000Z,90,79.9,https://data.lpdaac.earthdatacloud.nasa.gov/lp-prod-protected/EMITL2BMIN.001/EMIT_L2B_MIN_001_20220901T034652_2224403_009/EMIT_L2B_MIN_001_20220901T034652_2224403_009.nc
EMIT_L2B_MIN_001_20220903T034701_2224603_015,2022-09-03T03:47:01.000Z,2022-09-03T03:47:13.000Z,90,84.0,https://data.lpdaac.earthdatacloud.nasa.gov/lp-prod-protected/EMITL2BMIN.001/EMIT_L2B_MIN_001_20220903T034701_2224603_015/EMIT_L2B_MIN_001_20220903T034701_2224603_015.nc
EMIT_L2B_MIN_001_20230331T072524_2309005_009,2023-03-31T07:25:24.000Z,2023-03-31T07:25:36.000Z,90,93.7,https://data.lpdaac.earthdatacloud.nasa.gov/lp-prod-protected/EMITL2BMIN.001/EMIT_L2B_MIN_001_20230331T072524_2309005_009/EMIT_L2B_MIN_001_20230331T072524_2309005_009.nc
EMIT_L2B_MIN_001_20231204T052201_2333804_010,2023-12-04T05:22:01.000Z,2023-12-04T05:22:13.000Z,90,82.2,https://data.lpdaac.earthdatacloud.nasa.gov/lp-prod-protected/EMITL2BMIN.001/EMIT_L2B_MIN_001_20231204T052201_2333804_010/EMIT_L2B_MIN_001_20231204T052201_2333804_010.nc
EMIT_L2B_MIN_001_20231226T052248_2336004_003,2023-12-26T05:22:48.000Z,2023-12-26T05:23:08.000Z,90,129.8,https://data.lpdaac.earthdatacloud.nasa.gov/lp-prod-protected/EMITL2BMIN.001/EMIT_L2B_MIN_001_20231226T052248_2336004_003/EMIT_L2B_MIN_001_20231226T052248_2336004_003.nc
EMIT_L2B_MIN_001_20240629T034212_2418103_002,2024-06-29T03:42:12.000Z,2024-06-29T03:42:24.000Z,90,103.2,https://data.lpdaac.earthdatacloud.nasa.gov/lp-prod-protected/EMITL2BMIN.001/EMIT_L2B_MIN_001_20240629T034212_2418103_002/EMIT_L2B_MIN_001_20240629T034212_2418103_002.nc
EMIT_L2B_MIN_001_20241017T084033_2429106_013,2024-10-17T08:40:33.000Z,2024-10-17T08:40:45.000Z,90,92.4,https://data.lpdaac.earthdatacloud.nasa.gov/lp-prod-protected/EMITL2BMIN.001/EMIT_L2B_MIN_001_20241017T084033_2429106_013/EMIT_L2B_MIN_001_20241017T084033_2429106_013.nc
EMIT_L2B_MIN_001_20260329T062435_2608804_004,2026-03-29T06:24:35.000Z,2026-03-29T06:24:47.000Z,90,86.6,https://data.lpdaac.earthdatacloud.nasa.gov/lp-prod-protected/EMITL2BMIN.001/EMIT_L2B_MIN_001_20260329T062435_2608804_004/EMIT_L2B_MIN_001_20260329T062435_2608804_004.nc
EMIT_L2B_MIN_001_20230323T103455_2308207_004,2023-03-23T10:34:55.000Z,2023-03-23T10:35:07.000Z,91,91.4,https://data.lpdaac.earthdatacloud.nasa.gov/lp-prod-protected/EMITL2BMIN.001/EMIT_L2B_MIN_001_20230323T103455_2308207_004/EMIT_L2B_MIN_001_20230323T103455_2308207_004.nc
EMIT_L2B_MIN_001_20230327T090128_2308606_011,2023-03-27T09:01:28.000Z,2023-03-27T09:01:40.000Z,91,88.5,https://data.lpdaac.earthdatacloud.nasa.gov/lp-prod-protected/EMITL2BMIN.001/EMIT_L2B_MIN_001_20230327T090128_2308606_011/EMIT_L2B_MIN_001_20230327T090128_2308606_011.nc
EMIT_L2B_MIN_001_20230530T080346_2315006_010,2023-05-30T08:03:46.000Z,2023-05-30T08:03:58.000Z,91,82.3,https://data.lpdaac.earthdatacloud.nasa.gov/lp-prod-protected/EMITL2BMIN.001/EMIT_L2B_MIN_001_20230530T080346_2315006_010/EMIT_L2B_MIN_001_20230530T080346_2315006_010.nc
EMIT_L2B_MIN_001_20230620T085009_2317106_040,2023-06-20T08:50:09.000Z,2023-06-20T08:50:21.000Z,91,98.8,https://data.lpdaac.earthdatacloud.nasa.gov/lp-prod-protected/EMITL2BMIN.001/EMIT_L2B_MIN_001_20230620T085009_2317106_040/EMIT_L2B_MIN_001_20230620T085009_2317106_040.nc
EMIT_L2B_MIN_001_20230821T075300_2323305_038,2023-08-21T07:53:00.000Z,2023-08-21T07:53:12.000Z,91,101.8,https://data.lpdaac.earthdatacloud.nasa.gov/lp-prod-protected/EMITL2BMIN.001/EMIT_L2B_MIN_001_20230821T075300_2323305_038/EMIT_L2B_MIN_001_20230821T075300_2323305_038.nc
EMIT_L2B_MIN_001_20231130T065757_2333405_005,2023-11-30T06:57:57.000Z,2023-11-30T06:58:08.000Z,91,85.4,https://data.lpdaac.earthdatacloud.nasa.gov/lp-prod-protected/EMITL2BMIN.001/EMIT_L2B_MIN_001_20231130T065757_2333405_005/EMIT_L2B_MIN_001_20231130T065757_2333405_005.nc
EMIT_L2B_MIN_001_20231130T065820_2333405_007,2023-11-30T06:58:20.000Z,2023-11-30T06:58:32.000Z,91,91.5,https://data.lpdaac.earthdatacloud.nasa.gov/lp-prod-protected/EMITL2BMIN.001/EMIT_L2B_MIN_001_20231130T065820_2333405_007/EMIT_L2B_MIN_001_20231130T065820_2333405_007.nc
EMIT_L2B_MIN_001_20240426T052325_2411704_006,2024-04-26T05:23:25.000Z,2024-04-26T05:23:36.000Z,91,84.6,https://data.lpdaac.earthdatacloud.nasa.gov/lp-prod-protected/EMITL2BMIN.001/EMIT_L2B_MIN_001_20240426T052325_2411704_006/EMIT_L2B_MIN_001_20240426T052325_2411704_006.nc
EMIT_L2B_MIN_001_20250531T055758_2515104_003,2025-05-31T05:57:58.000Z,2025-05-31T05:58:11.000Z,91,103.2,https://data.lpdaac.earthdatacloud.nasa.gov/lp-prod-protected/EMITL2BMIN.001/EMIT_L2B_MIN_001_20250531T055758_2515104_003/EMIT_L2B_MIN_001_20250531T055758_2515104_003.nc
EMIT_L2B_MIN_001_20260321T092817_2608006_012,2026-03-21T09:28:17.000Z,2026-03-21T09:28:29.000Z,91,95.7,https://data.lpdaac.earthdatacloud.nasa.gov/lp-prod-protected/EMITL2BMIN.001/EMIT_L2B_MIN_001_20260321T092817_2608006_012/EMIT_L2B_MIN_001_20260321T092817_2608006_012.nc
EMIT_L2B_MIN_001_20230327T090104_2308606_009,2023-03-27T09:01:04.000Z,2023-03-27T09:01:16.000Z,92,92.6,https://data.lpdaac.earthdatacloud.nasa.gov/lp-prod-protected/EMITL2BMIN.001/EMIT_L2B_MIN_001_20230327T090104_2308606_009/EMIT_L2B_MIN_001_20230327T090104_2308606_009.nc
EMIT_L2B_MIN_001_20230726T091628_2320706_003,2023-07-26T09:16:28.000Z,2023-07-26T09:16:40.000Z,92,91.3,https://data.lpdaac.earthdatacloud.nasa.gov/lp-prod-protected/EMITL2BMIN.001/EMIT_L2B_MIN_001_20230726T091628_2320706_003/EMIT_L2B_MIN_001_20230726T091628_2320706_003.nc
EMIT_L2B_MIN_001_20230821T075312_2323305_039,2023-08-21T07:53:12.000Z,2023-08-21T07:53:24.000Z,92,95.6,https://data.lpdaac.earthdatacloud.nasa.gov/lp-prod-protected/EMITL2BMIN.001/EMIT_L2B_MIN_001_20230821T075312_2323305_039/EMIT_L2B_MIN_001_20230821T075312_2323305_039.nc
EMIT_L2B_MIN_001_20230821T075324_2323305_040,2023-08-21T07:53:24.000Z,2023-08-21T07:53:36.000Z,92,83.6,https://data.lpdaac.earthdatacloud.nasa.gov/lp-prod-protected/EMITL2BMIN.001/EMIT_L2B_MIN_001_20230821T075324_2323305_040/EMIT_L2B_MIN_001_20230821T075324_2323305_040.nc
EMIT_L2B_MIN_001_20230825T061745_2323704_031,2023-08-25T06:17:45.000Z,2023-08-25T06:17:57.000Z,92,84.8,https://data.lpdaac.earthdatacloud.nasa.gov/lp-prod-protected/EMITL2BMIN.001/EMIT_L2B_MIN_001_20230825T061745_2323704_031/EMIT_L2B_MIN_001_20230825T061745_2323704_031.nc
EMIT_L2B_MIN_001_20231017T093028_2329006_038,2023-10-17T09:30:28.000Z,2023-10-17T09:30:39.000Z,92,96.2,https://data.lpdaac.earthdatacloud.nasa.gov/lp-prod-protected/EMITL2BMIN.001/EMIT_L2B_MIN_001_20231017T093028_2329006_038/EMIT_L2B_MIN_001_20231017T093028_2329006_038.nc
EMIT_L2B_MIN_001_20241014T092911_2428806_019,2024-10-14T09:29:11.000Z,2024-10-14T09:29:31.000Z,92,162.4,https://data.lpdaac.earthdatacloud.nasa.gov/lp-prod-protected/EMITL2BMIN.001/EMIT_L2B_MIN_001_20241014T092911_2428806_019/EMIT_L2B_MIN_001_20241014T092911_2428806_019.nc
EMIT_L2B_MIN_001_20250821T062459_2523304_010,2025-08-21T06:24:59.000Z,2025-08-21T06:25:19.000Z,92,157.8,https://data.lpdaac.earthdatacloud.nasa.gov/lp-prod-protected/EMITL2BMIN.001/EMIT_L2B_MIN_001_20250821T062459_2523304_010/EMIT_L2B_MIN_001_20250821T062459_2523304_010.nc
EMIT_L2B_MIN_001_20260201T042452_2603202_009,2026-02-01T04:24:52.000Z,2026-02-01T04:25:04.000Z,92,87.2,https://data.lpdaac.earthdatacloud.nasa.gov/lp-prod-protected/EMITL2BMIN.001/EMIT_L2B_MIN_001_20260201T042452_2603202_009/EMIT_L2B_MIN_001_20260201T042452_2603202_009.nc
EMIT_L2B_MIN_001_20260531T053631_2615104_003,2026-05-31T05:36:31.000Z,2026-05-31T05:36:51.000Z,92,137.2,https://data.lpdaac.earthdatacloud.nasa.gov/lp-prod-protected/EMITL2BMIN.001/EMIT_L2B_MIN_001_20260531T053631_2615104_003/EMIT_L2B_MIN_001_20260531T053631_2615104_003.nc
EMIT_L2B_MIN_001_20220823T074821_2223505_032,2022-08-23T07:48:21.000Z,2022-08-23T07:48:32.000Z,93,87.5,https://data.lpdaac.earthdatacloud.nasa.gov/lp-prod-protected/EMITL2BMIN.001/EMIT_L2B_MIN_001_20220823T074821_2223505_032/EMIT_L2B_MIN_001_20220823T074821_2223505_032.nc
EMIT_L2B_MIN_001_20220904T025829_2224702_001,2022-09-04T02:58:29.000Z,2022-09-04T02:58:40.000Z,93,84.2,https://data.lpdaac.earthdatacloud.nasa.gov/lp-prod-protected/EMITL2BMIN.001/EMIT_L2B_MIN_001_20220904T025829_2224702_001/EMIT_L2B_MIN_001_20220904T025829_2224702_001.nc
EMIT_L2B_MIN_001_20230821T075336_2323305_041,2023-08-21T07:53:36.000Z,2023-08-21T07:53:47.000Z,93,85.0,https://data.lpdaac.earthdatacloud.nasa.gov/lp-prod-protected/EMITL2BMIN.001/EMIT_L2B_MIN_001_20230821T075336_2323305_041/EMIT_L2B_MIN_001_20230821T075336_2323305_041.nc
EMIT_L2B_MIN_001_20231017T093127_2329006_043,2023-10-17T09:31:27.000Z,2023-10-17T09:31:39.000Z,93,84.0,https://data.lpdaac.earthdatacloud.nasa.gov/lp-prod-protected/EMITL2BMIN.001/EMIT_L2B_MIN_001_20231017T093127_2329006_043/EMIT_L2B_MIN_001_20231017T093127_2329006_043.nc
EMIT_L2B_MIN_001_20231130T065908_2333405_011,2023-11-30T06:59:08.000Z,2023-11-30T06:59:20.000Z,93,82.2,https://data.lpdaac.earthdatacloud.nasa.gov/lp-prod-protected/EMITL2BMIN.001/EMIT_L2B_MIN_001_20231130T065908_2333405_011/EMIT_L2B_MIN_001_20231130T065908_2333405_011.nc
EMIT_L2B_MIN_001_20240519T110806_2414008_013,2024-05-19T11:08:06.000Z,2024-05-19T11:08:18.000Z,93,96.4,https://data.lpdaac.earthdatacloud.nasa.gov/lp-prod-protected/EMITL2BMIN.001/EMIT_L2B_MIN_001_20240519T110806_2414008_013/EMIT_L2B_MINUNCERT_001_20240519T110806_2414008_013.nc
EMIT_L2B_MIN_001_20241014T092859_2428806_018,2024-10-14T09:28:59.000Z,2024-10-14T09:29:11.000Z,93,78.8,https://data.lpdaac.earthdatacloud.nasa.gov/lp-prod-protected/EMITL2BMIN.001/EMIT_L2B_MIN_001_20241014T092859_2428806_018/EMIT_L2B_MIN_001_20241014T092859_2428806_018.nc
EMIT_L2B_MIN_001_20250201T045911_2503204_013,2025-02-01T04:59:11.000Z,2025-02-01T04:59:23.000Z,93,76.2,https://data.lpdaac.earthdatacloud.nasa.gov/lp-prod-protected/EMITL2BMIN.001/EMIT_L2B_MIN_001_20250201T045911_2503204_013/EMIT_L2B_MIN_001_20250201T045911_2503204_013.nc
EMIT_L2B_MIN_001_20260725T074146_2620605_009,2026-07-25T07:41:46.000Z,2026-07-25T07:41:58.000Z,93,85.8,https://data.lpdaac.earthdatacloud.nasa.gov/lp-prod-protected/EMITL2BMIN.001/EMIT_L2B_MIN_001_20260725T074146_2620605_009/EMIT_L2B_MIN_001_20260725T074146_2620605_009.nc
EMIT_L2B_MIN_001_20230323T103618_2308207_011,2023-03-23T10:36:18.000Z,2023-03-23T10:36:30.000Z,94,90.3,https://data.lpdaac.earthdatacloud.nasa.gov/lp-prod-protected/EMITL2BMIN.001/EMIT_L2B_MIN_001_20230323T103618_2308207_011/EMIT_L2B_MIN_001_20230323T103618_2308207_011.nc
EMIT_L2B_MIN_001_20230326T094849_2308507_009,2023-03-26T09:48:49.000Z,2023-03-26T09:49:01.000Z,94,104.2,https://data.lpdaac.earthdatacloud.nasa.gov/lp-prod-protected/EMITL2BMIN.001/EMIT_L2B_MIN_001_20230326T094849_2308507_009/EMIT_L2B_MIN_001_20230326T094849_2308507_009.nc
EMIT_L2B_MIN_001_20230331T072512_2309005_008,2023-03-31T07:25:12.000Z,2023-03-31T07:25:24.000Z,94,91.7,https://data.lpdaac.earthdatacloud.nasa.gov/lp-prod-protected/EMITL2BMIN.001/EMIT_L2B_MIN_001_20230331T072512_2309005_008/EMIT_L2B_MIN_001_20230331T072512_2309005_008.nc
EMIT_L2B_MIN_001_20230331T072548_2309005_011,2023-03-31T07:25:48.000Z,2023-03-31T07:26:11.000Z,94,175.8,https://data.lpdaac.earthdatacloud.nasa.gov/lp-prod-protected/EMITL2BMIN.001/EMIT_L2B_MIN_001_20230331T072548_2309005_011/EMIT_L2B_MIN_001_20230331T072548_2309005_011.nc
EMIT_L2B_MIN_001_20230620T085021_2317106_041,2023-06-20T08:50:21.000Z,2023-06-20T08:50:33.000Z,94,94.0,https://data.lpdaac.earthdatacloud.nasa.gov/lp-prod-protected/EMITL2BMIN.001/EMIT_L2B_MIN_001_20230620T085021_2317106_041/EMIT_L2B_MIN_001_20230620T085021_2317106_041.nc
EMIT_L2B_MIN_001_20230625T062319_2317604_040,2023-06-25T06:23:19.000Z,2023-06-25T06:23:30.000Z,94,81.9,https://data.lpdaac.earthdatacloud.nasa.gov/lp-prod-protected/EMITL2BMIN.001/EMIT_L2B_MIN_001_20230625T062319_2317604_040/EMIT_L2B_MIN_001_20230625T062319_2317604_040.nc
EMIT_L2B_MIN_001_20230702T035434_2318303_003,2023-07-02T03:54:34.000Z,2023-07-02T03:54:46.000Z,94,89.3,https://data.lpdaac.earthdatacloud.nasa.gov/lp-prod-protected/EMITL2BMIN.001/EMIT_L2B_MIN_001_20230702T035434_2318303_003/EMIT_L2B_MIN_001_20230702T035434_2318303_003.nc
EMIT_L2B_MIN_001_20230803T060453_2321504_011,2023-08-03T06:04:53.000Z,2023-08-03T06:05:04.000Z,94,88.5,https://data.lpdaac.earthdatacloud.nasa.gov/lp-prod-protected/EMITL2BMIN.001/EMIT_L2B_MIN_001_20230803T060453_2321504_011/EMIT_L2B_MIN_001_20230803T060453_2321504_011.nc
EMIT_L2B_MIN_001_20230829T044133_2324103_008,2023-08-29T04:41:33.000Z,2023-08-29T04:41:45.000Z,94,88.3,https://data.lpdaac.earthdatacloud.nasa.gov/lp-prod-protected/EMITL2BMIN.001/EMIT_L2B_MIN_001_20230829T044133_2324103_008/EMIT_L2B_MIN_001_20230829T044133_2324103_008.nc
EMIT_L2B_MIN_001_20260220T054838_2605104_006,2026-02-20T05:48:38.000Z,2026-02-20T05:48:50.000Z,94,83.0,https://data.lpdaac.earthdatacloud.nasa.gov/lp-prod-protected/EMITL2BMIN.001/EMIT_L2B_MIN_001_20260220T054838_2605104_006/EMIT_L2B_MIN_001_20260220T054838_2605104_006.nc
EMIT_L2B_MIN_001_20260416T083036_2610605_044,2026-04-16T08:30:36.000Z,2026-04-16T08:30:47.000Z,94,99.0,https://data.lpdaac.earthdatacloud.nasa.gov/lp-prod-protected/EMITL2BMIN.001/EMIT_L2B_MIN_001_20260416T083036_2610605_044/EMIT_L2B_MIN_001_20260416T083036_2610605_044.nc
EMIT_L2B_MIN_001_20260725T074134_2620605_008,2026-07-25T07:41:34.000Z,2026-07-25T07:41:46.000Z,94,84.3,https://data.lpdaac.earthdatacloud.nasa.gov/lp-prod-protected/EMITL2BMIN.001/EMIT_L2B_MIN_001_20260725T074134_2620605_008/EMIT_L2B_MIN_001_20260725T074134_2620605_008.nc
EMIT_L2B_MIN_001_20220820T083807_2223206_031,2022-08-20T08:38:07.000Z,2022-08-20T08:38:19.000Z,95,90.1,https://data.lpdaac.earthdatacloud.nasa.gov/lp-prod-protected/EMITL2BMIN.001/EMIT_L2B_MIN_001_20220820T083807_2223206_031/EMIT_L2B_MINUNCERT_001_20220820T083807_2223206_031.nc
EMIT_L2B_MIN_001_20230128T080048_2302806_003,2023-01-28T08:00:48.000Z,2023-01-28T08:01:00.000Z,95,80.7,https://data.lpdaac.earthdatacloud.nasa.gov/lp-prod-protected/EMITL2BMIN.001/EMIT_L2B_MIN_001_20230128T080048_2302806_003/EMIT_L2B_MIN_001_20230128T080048_2302806_003.nc
EMIT_L2B_MIN_001_20230323T103518_2308207_006,2023-03-23T10:35:18.000Z,2023-03-23T10:35:30.000Z,95,96.6,https://data.lpdaac.earthdatacloud.nasa.gov/lp-prod-protected/EMITL2BMIN.001/EMIT_L2B_MIN_001_20230323T103518_2308207_006/EMIT_L2B_MIN_001_20230323T103518_2308207_006.nc
EMIT_L2B_MIN_001_20230323T103606_2308207_010,2023-03-23T10:36:06.000Z,2023-03-23T10:36:18.000Z,95,90.9,https://data.lpdaac.earthdatacloud.nasa.gov/lp-prod-protected/EMITL2BMIN.001/EMIT_L2B_MIN_001_20230323T103606_2308207_010/EMIT_L2B_MIN_001_20230323T103606_2308207_010.nc
EMIT_L2B_MIN_001_20230327T090052_2308606_008,2023-03-27T09:00:52.000Z,2023-03-27T09:01:04.000Z,95,89.2,https://data.lpdaac.earthdatacloud.nasa.gov/lp-prod-protected/EMITL2BMIN.001/EMIT_L2B_MIN_001_20230327T090052_2308606_008/EMIT_L2B_MIN_001_20230327T090052_2308606_008.nc
EMIT_L2B_MIN_001_20230330T081250_2308906_007,2023-03-30T08:12:50.000Z,2023-03-30T08:13:02.000Z,95,80.7,https://data.lpdaac.earthdatacloud.nasa.gov/lp-prod-protected/EMITL2BMIN.001/EMIT_L2B_MIN_001_20230330T081250_2308906_007/EMIT_L2B_MIN_001_20230330T081250_2308906_007.nc
EMIT_L2B_MIN_001_20230331T072448_2309005_006,2023-03-31T07:24:48.000Z,2023-03-31T07:25:00.000Z,95,89.8,https://data.lpdaac.earthdatacloud.nasa.gov/lp-prod-protected/EMITL2BMIN.001/EMIT_L2B_MIN_001_20230331T072448_2309005_006/EMIT_L2B_MIN_001_20230331T072448_2309005_006.nc
EMIT_L2B_MIN_001_20230629T044446_2318003_026,2023-06-29T04:44:46.000Z,2023-06-29T04:44:58.000Z,95,96.7,https://data.lpdaac.earthdatacloud.nasa.gov/lp-prod-protected/EMITL2BMIN.001/EMIT_L2B_MIN_001_20230629T044446_2318003_026/EMIT_L2B_MIN_001_20230629T044446_2318003_026.nc
EMIT_L2B_MIN_001_20230726T091652_2320706_005,2023-07-26T09:16:52.000Z,2023-07-26T09:17:04.000Z,95,82.0,https://data.lpdaac.earthdatacloud.nasa.gov/lp-prod-protected/EMITL2BMIN.001/EMIT_L2B_MIN_001_20230726T091652_2320706_005/EMIT_L2B_MIN_001_20230726T091652_2320706_005.nc
EMIT_L2B_MIN_001_20230730T074155_2321105_012,2023-07-30T07:41:55.000Z,2023-07-30T07:42:06.000Z,95,88.1,https://data.lpdaac.earthdatacloud.nasa.gov/lp-prod-protected/EMITL2BMIN.001/EMIT_L2B_MIN_001_20230730T074155_2321105_012/EMIT_L2B_MIN_001_20230730T074155_2321105_012.nc
EMIT_L2B_MIN_001_20230817T092800_2322906_041,2023-08-17T09:28:00.000Z,2023-08-17T09:28:12.000Z,95,96.3,https://data.lpdaac.earthdatacloud.nasa.gov/lp-prod-protected/EMITL2BMIN.001/EMIT_L2B_MIN_001_20230817T092800_2322906_041/EMIT_L2B_MIN_001_20230817T092800_2322906_041.nc
EMIT_L2B_MIN_001_20230901T035339_2324403_022,2023-09-01T03:53:39.000Z,2023-09-01T03:53:51.000Z,95,75.1,https://data.lpdaac.earthdatacloud.nasa.gov/lp-prod-protected/EMITL2BMIN.001/EMIT_L2B_MIN_001_20230901T035339_2324403_022/EMIT_L2B_MIN_001_20230901T035339_2324403_022.nc
EMIT_L2B_MIN_001_20230922T100847_2326507_008,2023-09-22T10:08:47.000Z,2023-09-22T10:08:59.000Z,95,84.6,https://data.lpdaac.earthdatacloud.nasa.gov/lp-prod-protected/EMITL2BMIN.001/EMIT_L2B_MIN_001_20230922T100847_2326507_008/EMIT_L2B_MIN_001_20230922T100847_2326507_008.nc
EMIT_L2B_MIN_001_20230926T083401_2326906_010,2023-09-26T08:34:01.000Z,2023-09-26T08:34:13.000Z,95,92.4,https://data.lpdaac.earthdatacloud.nasa.gov/lp-prod-protected/EMITL2BMIN.001/EMIT_L2B_MIN_001_20230926T083401_2326906_010/EMIT_L2B_MIN_001_20230926T083401_2326906_010.nc
EMIT_L2B_MIN_001_20231017T093115_2329006_042,2023-10-17T09:31:15.000Z,2023-10-17T09:31:27.000Z,95,84.6,https://data.lpdaac.earthdatacloud.nasa.gov/lp-prod-protected/EMITL2BMIN.001/EMIT_L2B_MIN_001_20231017T093115_2329006_042/EMIT_L2B_MIN_001_20231017T093115_2329006_042.nc
EMIT_L2B_MIN_001_20231021T075513_2329405_043,2023-10-21T07:55:13.000Z,2023-10-21T07:55:25.000Z,95,86.2,https://data.lpdaac.earthdatacloud.nasa.gov/lp-prod-protected/EMITL2BMIN.001/EMIT_L2B_MIN_001_20231021T075513_2329405_043/EMIT_L2B_MIN_001_20231021T075513_2329405_043.nc
EMIT_L2B_MIN_001_20240426T052400_2411704_009,2024-04-26T05:24:00.000Z,2024-04-26T05:24:12.000Z,95,84.6,https://data.lpdaac.earthdatacloud.nasa.gov/lp-prod-protected/EMITL2BMIN.001/EMIT_L2B_MIN_001_20240426T052400_2411704_009/EMIT_L2B_MIN_001_20240426T052400_2411704_009.nc
EMIT_L2B_MIN_001_20240519T110707_2414008_008,2024-05-19T11:07:07.000Z,2024-05-19T11:07:19.000Z,95,84.7,https://data.lpdaac.earthdatacloud.nasa.gov/lp-prod-protected/EMITL2BMIN.001/EMIT_L2B_MIN_001_20240519T110707_2414008_008/EMIT_L2B_MIN_001_20240519T110707_2414008_008.nc
EMIT_L2B_MIN_001_20251020T070235_2529305_004,2025-10-20T07:02:35.000Z,2025-10-20T07:02:56.000Z,95,155.5,https://data.lpdaac.earthdatacloud.nasa.gov/lp-prod-protected/EMITL2BMIN.001/EMIT_L2B_MIN_001_20251020T070235_2529305_004/EMIT_L2B_MIN_001_20251020T070235_2529305_004.nc
EMIT_L2B_MIN_001_20260220T054827_2605104_005,2026-02-20T05:48:27.000Z,2026-02-20T05:48:38.000Z,95,81.1,https://data.lpdaac.earthdatacloud.nasa.gov/lp-prod-protected/EMITL2BMIN.001/EMIT_L2B_MIN_001_20260220T054827_2605104_005/EMIT_L2B_MIN_001_20260220T054827_2605104_005.nc
EMIT_L2B_MIN_001_20220815T110414_2222707_028,2022-08-15T11:04:14.000Z,2022-08-15T11:04:26.000Z,96,82.2,https://data.lpdaac.earthdatacloud.nasa.gov/lp-prod-protected/EMITL2BMIN.001/EMIT_L2B_MIN_001_20220815T110414_2222707_028/EMIT_L2B_MIN_001_20220815T110414_2222707_028.nc
EMIT_L2B_MIN_001_20220820T083756_2223206_030,2022-08-20T08:37:56.000Z,2022-08-20T08:38:07.000Z,96,83.1,https://data.lpdaac.earthdatacloud.nasa.gov/lp-prod-protected/EMITL2BMIN.001/EMIT_L2B_MIN_001_20220820T083756_2223206_030/EMIT_L2B_MIN_001_20220820T083756_2223206_030.nc
EMIT_L2B_MIN_001_20220828T052318_2224004_014,2022-08-28T05:23:18.000Z,2022-08-28T05:23:30.000Z,96,78.2,https://data.lpdaac.earthdatacloud.nasa.gov/lp-prod-protected/EMITL2BMIN.001/EMIT_L2B_MIN_001_20220828T052318_2224004_014/EMIT_L2B_MIN_001_20220828T052318_2224004_014.nc
EMIT_L2B_MIN_001_20220828T052342_2224004_016,2022-08-28T05:23:42.000Z,2022-08-28T05:23:54.000Z,96,78.3,https://data.lpdaac.earthdatacloud.nasa.gov/lp-prod-protected/EMITL2BMIN.001/EMIT_L2B_MIN_001_20220828T052342_2224004_016/EMIT_L2B_MIN_001_20220828T052342_2224004_016.nc
EMIT_L2B_MIN_001_20230330T081239_2308906_006,2023-03-30T08:12:39.000Z,2023-03-30T08:12:50.000Z,96,82.0,https://data.lpdaac.earthdatacloud.nasa.gov/lp-prod-protected/EMITL2BMIN.001/EMIT_L2B_MIN_001_20230330T081239_2308906_006/EMIT_L2B_MIN_001_20230330T081239_2308906_006.nc
EMIT_L2B_MIN_001_20230530T080334_2315006_009,2023-05-30T08:03:34.000Z,2023-05-30T08:03:46.000Z,96,78.8,https://data.lpdaac.earthdatacloud.nasa.gov/lp-prod-protected/EMITL2BMIN.001/EMIT_L2B_MIN_001_20230530T080334_2315006_009/EMIT_L2B_MIN_001_20230530T080334_2315006_009.nc
EMIT_L2B_MIN_001_20230730T074131_2321105_010,2023-07-30T07:41:31.000Z,2023-07-30T07:41:43.000Z,96,80.3,https://data.lpdaac.earthdatacloud.nasa.gov/lp-prod-protected/EMITL2BMIN.001/EMIT_L2B_MIN_001_20230730T074131_2321105_010/EMIT_L2B_MIN_001_20230730T074131_2321105_010.nc
EMIT_L2B_MIN_001_20230824T070708_2323605_042,2023-08-24T07:07:08.000Z,2023-08-24T07:07:20.000Z,96,81.0,https://data.lpdaac.earthdatacloud.nasa.gov/lp-prod-protected/EMITL2BMIN.001/EMIT_L2B_MIN_001_20230824T070708_2323605_042/EMIT_L2B_MIN_001_20230824T070708_2323605_042.nc
EMIT_L2B_MIN_001_20230922T100748_2326507_003,2023-09-22T10:07:48.000Z,2023-09-22T10:08:00.000Z,96,81.4,https://data.lpdaac.earthdatacloud.nasa.gov/lp-prod-protected/EMITL2BMIN.001/EMIT_L2B_MIN_001_20230922T100748_2326507_003/EMIT_L2B_MIN_001_20230922T100748_2326507_003.nc
EMIT_L2B_MIN_001_20231126T083540_2333006_012,2023-11-26T08:35:40.000Z,2023-11-26T08:35:51.000Z,96,83.5,https://data.lpdaac.earthdatacloud.nasa.gov/lp-prod-protected/EMITL2BMIN.001/EMIT_L2B_MIN_001_20231126T083540_2333006_012/EMIT_L2B_MIN_001_20231126T083540_2333006_012.nc
EMIT_L2B_MIN_001_20251126T070028_2533004_015,2025-11-26T07:00:28.000Z,2025-11-26T07:00:44.000Z,96,142.0,https://data.lpdaac.earthdatacloud.nasa.gov/lp-prod-protected/EMITL2BMIN.001/EMIT_L2B_MIN_001_20251126T070028_2533004_015/EMIT_L2B_MIN_001_20251126T070028_2533004_015.nc
EMIT_L2B_MIN_001_20260220T054815_2605104_004,2026-02-20T05:48:15.000Z,2026-02-20T05:48:27.000Z,96,78.3,https://data.lpdaac.earthdatacloud.nasa.gov/lp-prod-protected/EMITL2BMIN.001/EMIT_L2B_MIN_001_20260220T054815_2605104_004/EMIT_L2B_MIN_001_20260220T054815_2605104_004.nc
EMIT_L2B_MIN_001_20260729T060614_2621004_001,2026-07-29T06:06:14.000Z,2026-07-29T06:06:26.000Z,96,104.4,https://data.lpdaac.earthdatacloud.nasa.gov/lp-prod-protected/EMITL2BMIN.001/EMIT_L2B_MIN_001_20260729T060614_2621004_001/EMIT_L2B_MIN_001_20260729T060614_2621004_001.nc
EMIT_L2B_MIN_001_20230330T081338_2308906_011,2023-03-30T08:13:38.000Z,2023-03-30T08:13:50.000Z,97,79.1,https://data.lpdaac.earthdatacloud.nasa.gov/lp-prod-protected/EMITL2BMIN.001/EMIT_L2B_MIN_001_20230330T081338_2308906_011/EMIT_L2B_MIN_001_20230330T081338_2308906_011.nc
EMIT_L2B_MIN_001_20230403T063919_2309305_012,2023-04-03T06:39:19.000Z,2023-04-03T06:39:31.000Z,97,74.8,https://data.lpdaac.earthdatacloud.nasa.gov/lp-prod-protected/EMITL2BMIN.001/EMIT_L2B_MIN_001_20230403T063919_2309305_012/EMIT_L2B_MIN_001_20230403T063919_2309305_012.nc
EMIT_L2B_MIN_001_20230726T091704_2320706_006,2023-07-26T09:17:04.000Z,2023-07-26T09:17:15.000Z,97,83.4,https://data.lpdaac.earthdatacloud.nasa.gov/lp-prod-protected/EMITL2BMIN.001/EMIT_L2B_MIN_001_20230726T091704_2320706_006/EMIT_L2B_MIN_001_20230726T091704_2320706_006.nc
EMIT_L2B_MIN_001_20230730T074143_2321105_011,2023-07-30T07:41:43.000Z,2023-07-30T07:41:55.000Z,97,82.8,https://data.lpdaac.earthdatacloud.nasa.gov/lp-prod-protected/EMITL2BMIN.001/EMIT_L2B_MIN_001_20230730T074143_2321105_011/EMIT_L2B_MIN_001_20230730T074143_2321105_011.nc
EMIT_L2B_MIN_001_20230803T060417_2321504_008,2023-08-03T06:04:17.000Z,2023-08-03T06:04:29.000Z,97,82.8,https://data.lpdaac.earthdatacloud.nasa.gov/lp-prod-protected/EMITL2BMIN.001/EMIT_L2B_MIN_001_20230803T060417_2321504_008/EMIT_L2B_MIN_001_20230803T060417_2321504_008.nc
EMIT_L2B_MIN_001_20230803T060504_2321504_012,2023-08-03T06:05:04.000Z,2023-08-03T06:05:16.000Z,97,86.7,https://data.lpdaac.earthdatacloud.nasa.gov/lp-prod-protected/EMITL2BMIN.001/EMIT_L2B_MIN_001_20230803T060504_2321504_012/EMIT_L2B_MIN_001_20230803T060504_2321504_012.nc
EMIT_L2B_MIN_001_20230821T075411_2323305_044,2023-08-21T07:54:11.000Z,2023-08-21T07:54:23.000Z,97,85.1,https://data.lpdaac.earthdatacloud.nasa.gov/lp-prod-protected/EMITL2BMIN.001/EMIT_L2B_MIN_001_20230821T075411_2323305_044/EMIT_L2B_MIN_001_20230821T075411_2323305_044.nc
EMIT_L2B_MIN_001_20230829T044209_2324103_011,2023-08-29T04:42:09.000Z,2023-08-29T04:42:21.000Z,97,87.9,https://data.lpdaac.earthdatacloud.nasa.gov/lp-prod-protected/EMITL2BMIN.001/EMIT_L2B_MIN_001_20230829T044209_2324103_011/EMIT_L2B_MIN_001_20230829T044209_2324103_011.nc
EMIT_L2B_MIN_001_20230925T092203_2326806_011,2023-09-25T09:22:03.000Z,2023-09-25T09:22:15.000Z,97,84.4,https://data.lpdaac.earthdatacloud.nasa.gov/lp-prod-protected/EMITL2BMIN.001/EMIT_L2B_MIN_001_20230925T092203_2326806_011/EMIT_L2B_MIN_001_20230925T092203_2326806_011.nc
EMIT_L2B_MIN_001_20230926T083413_2326906_011,2023-09-26T08:34:13.000Z,2023-09-26T08:34:25.000Z,97,89.9,https://data.lpdaac.earthdatacloud.nasa.gov/lp-prod-protected/EMITL2BMIN.001/EMIT_L2B_MIN_001_20230926T083413_2326906_011/EMIT_L2B_MIN_001_20230926T083413_2326906_011.nc
EMIT_L2B_MIN_001_20231017T093103_2329006_041,2023-10-17T09:31:03.000Z,2023-10-17T09:31:15.000Z,97,84.0,https://data.lpdaac.earthdatacloud.nasa.gov/lp-prod-protected/EMITL2BMIN.001/EMIT_L2B_MIN_001_20231017T093103_2329006_041/EMIT_L2B_MIN_001_20231017T093103_2329006_041.nc
EMIT_L2B_MIN_001_20231204T052026_2333804_002,2023-12-04T05:20:26.000Z,2023-12-04T05:20:38.000Z,97,90.3,https://data.lpdaac.earthdatacloud.nasa.gov/lp-prod-protected/EMITL2BMIN.001/EMIT_L2B_MIN_001_20231204T052026_2333804_002/EMIT_L2B_MIN_001_20231204T052026_2333804_002.nc
EMIT_L2B_MIN_001_20240415T093039_2410606_020,2024-04-15T09:30:39.000Z,2024-04-15T09:30:51.000Z,97,89.9,https://data.lpdaac.earthdatacloud.nasa.gov/lp-prod-protected/EMITL2BMIN.001/EMIT_L2B_MIN_001_20240415T093039_2410606_020/EMIT_L2B_MIN_001_20240415T093039_2410606_020.nc
EMIT_L2B_MIN_001_20240519T110719_2414008_009,2024-05-19T11:07:19.000Z,2024-05-19T11:07:31.000Z,97,98.9,https://data.lpdaac.earthdatacloud.nasa.gov/lp-prod-protected/EMITL2BMIN.001/EMIT_L2B_MIN_001_20240519T110719_2414008_009/EMIT_L2B_MIN_001_20240519T110719_2414008_009.nc
EMIT_L2B_MIN_001_20240629T034224_2418103_003,2024-06-29T03:42:24.000Z,2024-06-29T03:42:36.000Z,97,84.4,https://data.lpdaac.earthdatacloud.nasa.gov/lp-prod-protected/EMITL2BMIN.001/EMIT_L2B_MIN_001_20240629T034224_2418103_003/EMIT_L2B_MIN_001_20240629T034224_2418103_003.nc
EMIT_L2B_MIN_001_20240726T081845_2420806_007,2024-07-26T08:18:45.000Z,2024-07-26T08:18:57.000Z,97,90.7,https://data.lpdaac.earthdatacloud.nasa.gov/lp-prod-protected/EMITL2BMIN.001/EMIT_L2B_MIN_001_20240726T081845_2420806_007/EMIT_L2B_MIN_001_20240726T081845_2420806_007.nc
EMIT_L2B_MIN_001_20240729T072821_2421105_005,2024-07-29T07:28:21.000Z,2024-07-29T07:28:41.000Z,97,132.6,https://data.lpdaac.earthdatacloud.nasa.gov/lp-prod-protected/EMITL2BMIN.001/EMIT_L2B_MIN_001_20240729T072821_2421105_005/EMIT_L2B_MIN_001_20240729T072821_2421105_005.nc
EMIT_L2B_MIN_001_20240813T100246_2422607_018,2024-08-13T10:02:46.000Z,2024-08-13T10:03:06.000Z,97,146.0,https://data.lpdaac.earthdatacloud.nasa.gov/lp-prod-protected/EMITL2BMIN.001/EMIT_L2B_MIN_001_20240813T100246_2422607_018/EMIT_L2B_MIN_001_20240813T100246_2422607_018.nc
EMIT_L2B_MIN_001_20250814T085126_2522606_027,2025-08-14T08:51:26.000Z,2025-08-14T08:51:39.000Z,97,93.3,https://data.lpdaac.earthdatacloud.nasa.gov/lp-prod-protected/EMITL2BMIN.001/EMIT_L2B_MIN_001_20250814T085126_2522606_027/EMIT_L2B_MIN_001_20250814T085126_2522606_027.nc
EMIT_L2B_MIN_001_20250921T091144_2526406_017,2025-09-21T09:11:44.000Z,2025-09-21T09:11:56.000Z,97,93.4,https://data.lpdaac.earthdatacloud.nasa.gov/lp-prod-protected/EMITL2BMIN.001/EMIT_L2B_MIN_001_20250921T091144_2526406_017/EMIT_L2B_MIN_001_20250921T091144_2526406_017.nc
EMIT_L2B_MIN_001_20250921T091259_2526406_019,2025-09-21T09:12:59.000Z,2025-09-21T09:13:11.000Z,97,94.0,https://data.lpdaac.earthdatacloud.nasa.gov/lp-prod-protected/EMITL2BMIN.001/EMIT_L2B_MIN_001_20250921T091259_2526406_019/EMIT_L2B_MIN_001_20250921T091259_2526406_019.nc
EMIT_L2B_MIN_001_20251126T070016_2533004_014,2025-11-26T07:00:16.000Z,2025-11-26T07:00:28.000Z,97,115.5,https://data.lpdaac.earthdatacloud.nasa.gov/lp-prod-protected/EMITL2BMIN.001/EMIT_L2B_MIN_001_20251126T070016_2533004_014/EMIT_L2B_MIN_001_20251126T070016_2533004_014.nc
EMIT_L2B_MIN_001_20251130T052802_2533403_009,2025-11-30T05:28:02.000Z,2025-11-30T05:28:14.000Z,97,94.9,https://data.lpdaac.earthdatacloud.nasa.gov/lp-prod-protected/EMITL2BMIN.001/EMIT_L2B_MIN_001_20251130T052802_2533403_009/EMIT_L2B_MIN_001_20251130T052802_2533403_009.nc
EMIT_L2B_MIN_001_20260220T054803_2605104_003,2026-02-20T05:48:03.000Z,2026-02-20T05:48:15.000Z,97,78.7,https://data.lpdaac.earthdatacloud.nasa.gov/lp-prod-protected/EMITL2BMIN.001/EMIT_L2B_MIN_001_20260220T054803_2605104_003/EMIT_L2B_MIN_001_20260220T054803_2605104_003.nc
EMIT_L2B_MIN_001_20260401T054103_2609104_011,2026-04-01T05:41:03.000Z,2026-04-01T05:41:26.000Z,97,155.8,https://data.lpdaac.earthdatacloud.nasa.gov/lp-prod-protected/EMITL2BMIN.001/EMIT_L2B_MIN_001_20260401T054103_2609104_011/EMIT_L2B_MIN_001_20260401T054103_2609104_011.nc
EMIT_L2B_MIN_001_20260721T091537_2620206_014,2026-07-21T09:15:37.000Z,2026-07-21T09:15:49.000Z,97,106.4,https://data.lpdaac.earthdatacloud.nasa.gov/lp-prod-protected/EMITL2BMIN.001/EMIT_L2B_MIN_001_20260721T091537_2620206_014/EMIT_L2B_MIN_001_20260721T091537_2620206_014.nc
EMIT_L2B_MIN_001_20220820T083732_2223206_028,2022-08-20T08:37:32.000Z,2022-08-20T08:37:44.000Z,98,88.3,https://data.lpdaac.earthdatacloud.nasa.gov/lp-prod-protected/EMITL2BMIN.001/EMIT_L2B_MIN_001_20220820T083732_2223206_028/EMIT_L2B_MIN_001_20220820T083732_2223206_028.nc
EMIT_L2B_MIN_001_20220820T083744_2223206_029,2022-08-20T08:37:44.000Z,2022-08-20T08:37:56.000Z,98,92.0,https://data.lpdaac.earthdatacloud.nasa.gov/lp-prod-protected/EMITL2BMIN.001/EMIT_L2B_MIN_001_20220820T083744_2223206_029/EMIT_L2B_MIN_001_20220820T083744_2223206_029.nc
EMIT_L2B_MIN_001_20220823T074832_2223505_033,2022-08-23T07:48:32.000Z,2022-08-23T07:48:44.000Z,98,82.2,https://data.lpdaac.earthdatacloud.nasa.gov/lp-prod-protected/EMITL2BMIN.001/EMIT_L2B_MIN_001_20220823T074832_2223505_033/EMIT_L2B_MIN_001_20220823T074832_2223505_033.nc
EMIT_L2B_MIN_001_20220901T034640_2224403_008,2022-09-01T03:46:40.000Z,2022-09-01T03:46:52.000Z,98,76.5,https://data.lpdaac.earthdatacloud.nasa.gov/lp-prod-protected/EMITL2BMIN.001/EMIT_L2B_MIN_001_20220901T034640_2224403_008/EMIT_L2B_MIN_001_20220901T034640_2224403_008.nc
EMIT_L2B_MIN_001_20230323T103530_2308207_007,2023-03-23T10:35:30.000Z,2023-03-23T10:35:42.000Z,98,97.7,https://data.lpdaac.earthdatacloud.nasa.gov/lp-prod-protected/EMITL2BMIN.001/EMIT_L2B_MIN_001_20230323T103530_2308207_007/EMIT_L2B_MIN_001_20230323T103530_2308207_007.nc
EMIT_L2B_MIN_001_20230323T103554_2308207_009,2023-03-23T10:35:54.000Z,2023-03-23T10:36:06.000Z,98,91.0,https://data.lpdaac.earthdatacloud.nasa.gov/lp-prod-protected/EMITL2BMIN.001/EMIT_L2B_MIN_001_20230323T103554_2308207_009/EMIT_L2B_MIN_001_20230323T103554_2308207_009.nc
EMIT_L2B_MIN_001_20230327T090116_2308606_010,2023-03-27T09:01:16.000Z,2023-03-27T09:01:28.000Z,98,94.2,https://data.lpdaac.earthdatacloud.nasa.gov/lp-prod-protected/EMITL2BMIN.001/EMIT_L2B_MIN_001_20230327T090116_2308606_010/EMIT_L2B_MIN_001_20230327T090116_2308606_010.nc
EMIT_L2B_MIN_001_20230429T051255_2311903_031,2023-04-29T05:12:55.000Z,2023-04-29T05:13:09.000Z,98,99.2,https://data.lpdaac.earthdatacloud.nasa.gov/lp-prod-protected/EMITL2BMIN.001/EMIT_L2B_MIN_001_20230429T051255_2311903_031/EMIT_L2B_MIN_001_20230429T051255_2311903_031.nc
EMIT_L2B_MIN_001_20230629T044510_2318003_028,2023-06-29T04:45:10.000Z,2023-06-29T04:45:22.000Z,98,83.5,https://data.lpdaac.earthdatacloud.nasa.gov/lp-prod-protected/EMITL2BMIN.001/EMIT_L2B_MIN_001_20230629T044510_2318003_028/EMIT_L2B_MIN_001_20230629T044510_2318003_028.nc
EMIT_L2B_MIN_001_20230702T035458_2318303_005,2023-07-02T03:54:58.000Z,2023-07-02T03:55:09.000Z,98,81.9,https://data.lpdaac.earthdatacloud.nasa.gov/lp-prod-protected/EMITL2BMIN.001/EMIT_L2B_MIN_001_20230702T035458_2318303_005/EMIT_L2B_MIN_001_20230702T035458_2318303_005.nc
EMIT_L2B_MIN_001_20230726T091640_2320706_004,2023-07-26T09:16:40.000Z,2023-07-26T09:16:52.000Z,98,82.7,https://data.lpdaac.earthdatacloud.nasa.gov/lp-prod-protected/EMITL2BMIN.001/EMIT_L2B_MIN_001_20230726T091640_2320706_004/EMIT_L2B_MIN_001_20230726T091640_2320706_004.nc
EMIT_L2B_MIN_001_20230726T091815_2320706_012,2023-07-26T09:18:15.000Z,2023-07-26T09:18:26.000Z,98,81.3,https://data.lpdaac.earthdatacloud.nasa.gov/lp-prod-protected/EMITL2BMIN.001/EMIT_L2B_MIN_001_20230726T091815_2320706_012/EMIT_L2B_MIN_001_20230726T091815_2320706_012.nc
EMIT_L2B_MIN_001_20230730T074119_2321105_009,2023-07-30T07:41:19.000Z,2023-07-30T07:41:31.000Z,98,77.0,https://data.lpdaac.earthdatacloud.nasa.gov/lp-prod-protected/EMITL2BMIN.001/EMIT_L2B_MIN_001_20230730T074119_2321105_009/EMIT_L2B_MIN_001_20230730T074119_2321105_009.nc
EMIT_L2B_MIN_001_20230807T042808_2321903_014,2023-08-07T04:28:08.000Z,2023-08-07T04:28:20.000Z,98,78.8,https://data.lpdaac.earthdatacloud.nasa.gov/lp-prod-protected/EMITL2BMIN.001/EMIT_L2B_MIN_001_20230807T042808_2321903_014/EMIT_L2B_MIN_001_20230807T042808_2321903_014.nc
EMIT_L2B_MIN_001_20230825T061757_2323704_032,2023-08-25T06:17:57.000Z,2023-08-25T06:18:09.000Z,98,84.6,https://data.lpdaac.earthdatacloud.nasa.gov/lp-prod-protected/EMITL2BMIN.001/EMIT_L2B_MIN_001_20230825T061757_2323704_032/EMIT_L2B_MIN_001_20230825T061757_2323704_032.nc
EMIT_L2B_MIN_001_20230829T044221_2324103_012,2023-08-29T04:42:21.000Z,2023-08-29T04:42:32.000Z,98,80.1,https://data.lpdaac.earthdatacloud.nasa.gov/lp-prod-protected/EMITL2BMIN.001/EMIT_L2B_MIN_001_20230829T044221_2324103_012/EMIT_L2B_MIN_001_20230829T044221_2324103_012.nc
EMIT_L2B_MIN_001_20230925T092127_2326806_008,2023-09-25T09:21:27.000Z,2023-09-25T09:21:39.000Z,98,97.7,https://data.lpdaac.earthdatacloud.nasa.gov/lp-prod-protected/EMITL2BMIN.001/EMIT_L2B_MIN_001_20230925T092127_2326806_008/EMIT_L2B_MIN_001_20230925T092127_2326806_008.nc
EMIT_L2B_MIN_001_20230925T092151_2326806_010,2023-09-25T09:21:51.000Z,2023-09-25T09:22:03.000Z,98,79.2,https://data.lpdaac.earthdatacloud.nasa.gov/lp-prod-protected/EMITL2BMIN.001/EMIT_L2B_MIN_001_20230925T092151_2326806_010/EMIT_L2B_MIN_001_20230925T092151_2326806_010.nc
EMIT_L2B_MIN_001_20230926T083250_2326906_004,2023-09-26T08:32:50.000Z,2023-09-26T08:33:02.000Z,98,78.1,https://data.lpdaac.earthdatacloud.nasa.gov/lp-prod-protected/EMITL2BMIN.001/EMIT_L2B_MIN_001_20230926T083250_2326906_004/EMIT_L2B_MIN_001_20230926T083250_2326906_004.nc
EMIT_L2B_MIN_001_20230926T083349_2326906_009,2023-09-26T08:33:49.000Z,2023-09-26T08:34:01.000Z,98,84.2,https://data.lpdaac.earthdatacloud.nasa.gov/lp-prod-protected/EMITL2BMIN.001/EMIT_L2B_MIN_001_20230926T083349_2326906_009/EMIT_L2B_MIN_001_20230926T083349_2326906_009.nc
EMIT_L2B_MIN_001_20240519T110754_2414008_012,2024-05-19T11:07:54.000Z,2024-05-19T11:08:06.000Z,98,93.7,https://data.lpdaac.earthdatacloud.nasa.gov/lp-prod-protected/EMITL2BMIN.001/EMIT_L2B_MIN_001_20240519T110754_2414008_012/EMIT_L2B_MIN_001_20240519T110754_2414008_012.nc
EMIT_L2B_MIN_001_20240629T034236_2418103_004,2024-06-29T03:42:36.000Z,2024-06-29T03:42:49.000Z,98,89.0,https://data.lpdaac.earthdatacloud.nasa.gov/lp-prod-protected/EMITL2BMIN.001/EMIT_L2B_MIN_001_20240629T034236_2418103_004/EMIT_L2B_MIN_001_20240629T034236_2418103_004.nc
EMIT_L2B_MIN_001_20240726T081809_2420806_004,2024-07-26T08:18:09.000Z,2024-07-26T08:18:21.000Z,98,76.2,https://data.lpdaac.earthdatacloud.nasa.gov/lp-prod-protected/EMITL2BMIN.001/EMIT_L2B_MIN_001_20240726T081809_2420806_004/EMIT_L2B_MIN_001_20240726T081809_2420806_004.nc
EMIT_L2B_MIN_001_20240817T082643_2423006_031,2024-08-17T08:26:43.000Z,2024-08-17T08:26:56.000Z,98,92.3,https://data.lpdaac.earthdatacloud.nasa.gov/lp-prod-protected/EMITL2BMIN.001/EMIT_L2B_MIN_001_20240817T082643_2423006_031/EMIT_L2B_MIN_001_20240817T082643_2423006_031.nc
EMIT_L2B_MIN_001_20250813T093919_2522506_024,2025-08-13T09:39:19.000Z,2025-08-13T09:39:39.000Z,98,142.2,https://data.lpdaac.earthdatacloud.nasa.gov/lp-prod-protected/EMITL2BMIN.001/EMIT_L2B_MIN_001_20250813T093919_2522506_024/EMIT_L2B_MIN_001_20250813T093919_2522506_024.nc
EMIT_L2B_MIN_001_20251024T052756_2529704_002,2025-10-24T05:27:56.000Z,2025-10-24T05:28:16.000Z,98,159.7,https://data.lpdaac.earthdatacloud.nasa.gov/lp-prod-protected/EMITL2BMIN.001/EMIT_L2B_MIN_001_20251024T052756_2529704_002/EMIT_L2B_MIN_001_20251024T052756_2529704_002.nc
EMIT_L2B_MIN_001_20260321T092841_2608006_014,2026-03-21T09:28:41.000Z,2026-03-21T09:28:54.000Z,98,104.3,https://data.lpdaac.earthdatacloud.nasa.gov/lp-prod-protected/EMITL2BMIN.001/EMIT_L2B_MIN_001_20260321T092841_2608006_014/EMIT_L2B_MIN_001_20260321T092841_2608006_014.nc
EMIT_L2B_MIN_001_20260328T071259_2608705_005,2026-03-28T07:12:59.000Z,2026-03-28T07:13:11.000Z,98,81.3,https://data.lpdaac.earthdatacloud.nasa.gov/lp-prod-protected/EMITL2BMIN.001/EMIT_L2B_MIN_001_20260328T071259_2608705_005/EMIT_L2B_MIN_001_20260328T071259_2608705_005.nc
EMIT_L2B_MIN_001_20260721T091525_2620206_013,2026-07-21T09:15:25.000Z,2026-07-21T09:15:37.000Z,98,100.7,https://data.lpdaac.earthdatacloud.nasa.gov/lp-prod-protected/EMITL2BMIN.001/EMIT_L2B_MIN_001_20260721T091525_2620206_013/EMIT_L2B_MIN_001_20260721T091525_2620206_013.nc
EMIT_L2B_MIN_001_20260724T082904_2620506_008,2026-07-24T08:29:04.000Z,2026-07-24T08:29:16.000Z,98,104.7,https://data.lpdaac.earthdatacloud.nasa.gov/lp-prod-protected/EMITL2BMIN.001/EMIT_L2B_MIN_001_20260724T082904_2620506_008/EMIT_L2B_MIN_001_20260724T082904_2620506_008.nc
EMIT_L2B_MIN_001_20220815T110402_2222707_027,2022-08-15T11:04:02.000Z,2022-08-15T11:04:14.000Z,99,83.7,https://data.lpdaac.earthdatacloud.nasa.gov/lp-prod-protected/EMITL2BMIN.001/EMIT_L2B_MIN_001_20220815T110402_2222707_027/EMIT_L2B_MIN_001_20220815T110402_2222707_027.nc
EMIT_L2B_MIN_001_20220815T110426_2222707_029,2022-08-15T11:04:26.000Z,2022-08-15T11:04:37.000Z,99,87.1,https://data.lpdaac.earthdatacloud.nasa.gov/lp-prod-protected/EMITL2BMIN.001/EMIT_L2B_MIN_001_20220815T110426_2222707_029/EMIT_L2B_MIN_001_20220815T110426_2222707_029.nc
EMIT_L2B_MIN_001_20220816T101517_2222807_029,2022-08-16T10:15:17.000Z,2022-08-16T10:15:29.000Z,99,82.4,https://data.lpdaac.earthdatacloud.nasa.gov/lp-prod-protected/EMITL2BMIN.001/EMIT_L2B_MIN_001_20220816T101517_2222807_029/EMIT_L2B_MIN_001_20220816T101517_2222807_029.nc
EMIT_L2B_MIN_001_20220827T061106_2223904_020,2022-08-27T06:11:06.000Z,2022-08-27T06:11:17.000Z,99,98.4,https://data.lpdaac.earthdatacloud.nasa.gov/lp-prod-protected/EMITL2BMIN.001/EMIT_L2B_MIN_001_20220827T061106_2223904_020/EMIT_L2B_MIN_001_20220827T061106_2223904_020.nc
EMIT_L2B_MIN_001_20220827T061117_2223904_021,2022-08-27T06:11:17.000Z,2022-08-27T06:11:29.000Z,99,95.7,https://data.lpdaac.earthdatacloud.nasa.gov/lp-prod-protected/EMITL2BMIN.001/EMIT_L2B_MIN_001_20220827T061117_2223904_021/EMIT_L2B_MIN_001_20220827T061117_2223904_021.nc
EMIT_L2B_MIN_001_20220901T034703_2224403_010,2022-09-01T03:47:03.000Z,2022-09-01T03:47:15.000Z,99,80.5,https://data.lpdaac.earthdatacloud.nasa.gov/lp-prod-protected/EMITL2BMIN.001/EMIT_L2B_MIN_001_20220901T034703_2224403_010/EMIT_L2B_MIN_001_20220901T034703_2224403_010.nc
EMIT_L2B_MIN_001_20230124T093920_2302407_007,2023-01-24T09:39:20.000Z,2023-01-24T09:39:32.000Z,99,79.1,https://data.lpdaac.earthdatacloud.nasa.gov/lp-prod-protected/EMITL2BMIN.001/EMIT_L2B_MIN_001_20230124T093920_2302407_007/EMIT_L2B_MIN_001_20230124T093920_2302407_007.nc
EMIT_L2B_MIN_001_20230326T094825_2308507_007,2023-03-26T09:48:25.000Z,2023-03-26T09:48:37.000Z,99,104.1,https://data.lpdaac.earthdatacloud.nasa.gov/lp-prod-protected/EMITL2BMIN.001/EMIT_L2B_MIN_001_20230326T094825_2308507_007/EMIT_L2B_MIN_001_20230326T094825_2308507_007.nc
EMIT_L2B_MIN_001_20230326T094837_2308507_008,2023-03-26T09:48:37.000Z,2023-03-26T09:48:49.000Z,99,104.1,https://data.lpdaac.earthdatacloud.nasa.gov/lp-prod-protected/EMITL2BMIN.001/EMIT_L2B_MIN_001_20230326T094837_2308507_008/EMIT_L2B_MIN_001_20230326T094837_2308507_008.nc
EMIT_L2B_MIN_001_20230330T081302_2308906_008,2023-03-30T08:13:02.000Z,2023-03-30T08:13:14.000Z,99,77.4,https://data.lpdaac.earthdatacloud.nasa.gov/lp-prod-protected/EMITL2BMIN.001/EMIT_L2B_MIN_001_20230330T081302_2308906_008/EMIT_L2B_MIN_001_20230330T081302_2308906_008.nc
EMIT_L2B_MIN_001_20230530T080410_2315006_012,2023-05-30T08:04:10.000Z,2023-05-30T08:04:21.000Z,99,76.9,https://data.lpdaac.earthdatacloud.nasa.gov/lp-prod-protected/EMITL2BMIN.001/EMIT_L2B_MIN_001_20230530T080410_2315006_012/EMIT_L2B_MIN_001_20230530T080410_2315006_012.nc
EMIT_L2B_MIN_001_20230607T044606_2315803_002,2023-06-07T04:46:06.000Z,2023-06-07T04:46:18.000Z,99,101.4,https://data.lpdaac.earthdatacloud.nasa.gov/lp-prod-protected/EMITL2BMIN.001/EMIT_L2B_MIN_001_20230607T044606_2315803_002/EMIT_L2B_MIN_001_20230607T044606_2315803_002.nc
EMIT_L2B_MIN_001_20230625T062354_2317604_043,2023-06-25T06:23:54.000Z,2023-06-25T06:24:06.000Z,99,86.2,https://data.lpdaac.earthdatacloud.nasa.gov/lp-prod-protected/EMITL2BMIN.001/EMIT_L2B_MIN_001_20230625T062354_2317604_043/EMIT_L2B_MIN_001_20230625T062354_2317604_043.nc
EMIT_L2B_MIN_001_20230628T053335_2317904_031,2023-06-28T05:33:35.000Z,2023-06-28T05:33:47.000Z,99,85.0,https://data.lpdaac.earthdatacloud.nasa.gov/lp-prod-protected/EMITL2BMIN.001/EMIT_L2B_MIN_001_20230628T053335_2317904_031/EMIT_L2B_MIN_001_20230628T053335_2317904_031.nc
EMIT_L2B_MIN_001_20230628T053347_2317904_032,2023-06-28T05:33:47.000Z,2023-06-28T05:33:59.000Z,99,76.4,https://data.lpdaac.earthdatacloud.nasa.gov/lp-prod-protected/EMITL2BMIN.001/EMIT_L2B_MIN_001_20230628T053347_2317904_032/EMIT_L2B_MIN_001_20230628T053347_2317904_032.nc
EMIT_L2B_MIN_001_20230628T053359_2317904_033,2023-06-28T05:33:59.000Z,2023-06-28T05:34:11.000Z,99,80.2,https://data.lpdaac.earthdatacloud.nasa.gov/lp-prod-protected/EMITL2BMIN.001/EMIT_L2B_MIN_001_20230628T053359_2317904_033/EMIT_L2B_MIN_001_20230628T053359_2317904_033.nc
EMIT_L2B_MIN_001_20230629T044458_2318003_027,2023-06-29T04:44:58.000Z,2023-06-29T04:45:10.000Z,99,78.8,https://data.lpdaac.earthdatacloud.nasa.gov/lp-prod-protected/EMITL2BMIN.001/EMIT_L2B_MIN_001_20230629T044458_2318003_027/EMIT_L2B_MIN_001_20230629T044458_2318003_027.nc
EMIT_L2B_MIN_001_20230702T035533_2318303_008,2023-07-02T03:55:33.000Z,2023-07-02T03:55:45.000Z,99,75.6,https://data.lpdaac.earthdatacloud.nasa.gov/lp-prod-protected/EMITL2BMIN.001/EMIT_L2B_MIN_001_20230702T035533_2318303_008/EMIT_L2B_MIN_001_20230702T035533_2318303_008.nc
EMIT_L2B_MIN_001_20230726T091727_2320706_008,2023-07-26T09:17:27.000Z,2023-07-26T09:17:39.000Z,99,79.9,https://data.lpdaac.earthdatacloud.nasa.gov/lp-prod-protected/EMITL2BMIN.001/EMIT_L2B_MIN_001_20230726T091727_2320706_008/EMIT_L2B_MIN_001_20230726T091727_2320706_008.nc
EMIT_L2B_MIN_001_20230730T074206_2321105_013,2023-07-30T07:42:06.000Z,2023-07-30T07:42:18.000Z,99,80.7,https://data.lpdaac.earthdatacloud.nasa.gov/lp-prod-protected/EMITL2BMIN.001/EMIT_L2B_MIN_001_20230730T074206_2321105_013/EMIT_L2B_MIN_001_20230730T074206_2321105_013.nc
EMIT_L2B_MIN_001_20230803T060429_2321504_009,2023-08-03T06:04:29.000Z,2023-08-03T06:04:41.000Z,99,80.1,https://data.lpdaac.earthdatacloud.nasa.gov/lp-prod-protected/EMITL2BMIN.001/EMIT_L2B_MIN_001_20230803T060429_2321504_009/EMIT_L2B_MIN_001_20230803T060429_2321504_009.nc
EMIT_L2B_MIN_001_20230803T060441_2321504_010,2023-08-03T06:04:41.000Z,2023-08-03T06:04:53.000Z,99,78.6,https://data.lpdaac.earthdatacloud.nasa.gov/lp-prod-protected/EMITL2BMIN.001/EMIT_L2B_MIN_001_20230803T060441_2321504_010/EMIT_L2B_MIN_001_20230803T060441_2321504_010.nc
EMIT_L2B_MIN_001_20230803T060516_2321504_013,2023-08-03T06:05:16.000Z,2023-08-03T06:05:28.000Z,99,81.5,https://data.lpdaac.earthdatacloud.nasa.gov/lp-prod-protected/EMITL2BMIN.001/EMIT_L2B_MIN_001_20230803T060516_2321504_013/EMIT_L2B_MIN_001_20230803T060516_2321504_013.nc
EMIT_L2B_MIN_001_20230803T060528_2321504_014,2023-08-03T06:05:28.000Z,2023-08-03T06:05:40.000Z,99,84.6,https://data.lpdaac.earthdatacloud.nasa.gov/lp-prod-protected/EMITL2BMIN.001/EMIT_L2B_MIN_001_20230803T060528_2321504_014/EMIT_L2B_MIN_001_20230803T060528_2321504_014.nc
EMIT_L2B_MIN_001_20230807T042756_2321903_013,2023-08-07T04:27:56.000Z,2023-08-07T04:28:08.000Z,99,77.6,https://data.lpdaac.earthdatacloud.nasa.gov/lp-prod-protected/EMITL2BMIN.001/EMIT_L2B_MIN_001_20230807T042756_2321903_013/EMIT_L2B_MIN_001_20230807T042756_2321903_013.nc
EMIT_L2B_MIN_001_20230817T092848_2322906_045,2023-08-17T09:28:48.000Z,2023-08-17T09:29:00.000Z,99,90.3,https://data.lpdaac.earthdatacloud.nasa.gov/lp-prod-protected/EMITL2BMIN.001/EMIT_L2B_MIN_001_20230817T092848_2322906_045/EMIT_L2B_MIN_001_20230817T092848_2322906_045.nc
EMIT_L2B_MIN_001_20230818T084036_2323006_040,2023-08-18T08:40:36.000Z,2023-08-18T08:40:48.000Z,99,91.9,https://data.lpdaac.earthdatacloud.nasa.gov/lp-prod-protected/EMITL2BMIN.001/EMIT_L2B_MIN_001_20230818T084036_2323006_040/EMIT_L2B_MIN_001_20230818T084036_2323006_040.nc
EMIT_L2B_MIN_001_20230821T075359_2323305_043,2023-08-21T07:53:59.000Z,2023-08-21T07:54:11.000Z,99,75.7,https://data.lpdaac.earthdatacloud.nasa.gov/lp-prod-protected/EMITL2BMIN.001/EMIT_L2B_MIN_001_20230821T075359_2323305_043/EMIT_L2B_MIN_001_20230821T075359_2323305_043.nc
EMIT_L2B_MIN_001_20230829T044244_2324103_014,2023-08-29T04:42:44.000Z,2023-08-29T04:42:56.000Z,99,79.6,https://data.lpdaac.earthdatacloud.nasa.gov/lp-prod-protected/EMITL2BMIN.001/EMIT_L2B_MIN_001_20230829T044244_2324103_014/EMIT_L2B_MIN_001_20230829T044244_2324103_014.nc
EMIT_L2B_MIN_001_20230922T100812_2326507_005,2023-09-22T10:08:12.000Z,2023-09-22T10:08:23.000Z,99,81.1,https://data.lpdaac.earthdatacloud.nasa.gov/lp-prod-protected/EMITL2BMIN.001/EMIT_L2B_MIN_001_20230922T100812_2326507_005/EMIT_L2B_MIN_001_20230922T100812_2326507_005.nc
EMIT_L2B_MIN_001_20230922T100835_2326507_007,2023-09-22T10:08:35.000Z,2023-09-22T10:08:47.000Z,99,77.0,https://data.lpdaac.earthdatacloud.nasa.gov/lp-prod-protected/EMITL2BMIN.001/EMIT_L2B_MIN_001_20230922T100835_2326507_007/EMIT_L2B_MIN_001_20230922T100835_2326507_007.nc
EMIT_L2B_MIN_001_20230922T100859_2326507_009,2023-09-22T10:08:59.000Z,2023-09-22T10:09:11.000Z,99,79.9,https://data.lpdaac.earthdatacloud.nasa.gov/lp-prod-protected/EMITL2BMIN.001/EMIT_L2B_MIN_001_20230922T100859_2326507_009/EMIT_L2B_MIN_001_20230922T100859_2326507_009.nc
EMIT_L2B_MIN_001_20230922T100923_2326507_011,2023-09-22T10:09:23.000Z,2023-09-22T10:09:34.000Z,99,90.8,https://data.lpdaac.earthdatacloud.nasa.gov/lp-prod-protected/EMITL2BMIN.001/EMIT_L2B_MIN_001_20230922T100923_2326507_011/EMIT_L2B_MIN_001_20230922T100923_2326507_011.nc
EMIT_L2B_MIN_001_20230922T100934_2326507_012,2023-09-22T10:09:34.000Z,2023-09-22T10:09:46.000Z,99,83.4,https://data.lpdaac.earthdatacloud.nasa.gov/lp-prod-protected/EMITL2BMIN.001/EMIT_L2B_MIN_001_20230922T100934_2326507_012/EMIT_L2B_MIN_001_20230922T100934_2326507_012.nc
EMIT_L2B_MIN_001_20230926T083302_2326906_005,2023-09-26T08:33:02.000Z,2023-09-26T08:33:14.000Z,99,84.6,https://data.lpdaac.earthdatacloud.nasa.gov/lp-prod-protected/EMITL2BMIN.001/EMIT_L2B_MIN_001_20230926T083302_2326906_005/EMIT_L2B_MIN_001_20230926T083302_2326906_005.nc
EMIT_L2B_MIN_001_20231204T052149_2333804_009,2023-12-04T05:21:49.000Z,2023-12-04T05:22:01.000Z,99,75.1,https://data.lpdaac.earthdatacloud.nasa.gov/lp-prod-protected/EMITL2BMIN.001/EMIT_L2B_MIN_001_20231204T052149_2333804_009/EMIT_L2B_MIN_001_20231204T052149_2333804_009.nc
EMIT_L2B_MIN_001_20240426T052336_2411704_007,2024-04-26T05:23:36.000Z,2024-04-26T05:23:48.000Z,99,75.4,https://data.lpdaac.earthdatacloud.nasa.gov/lp-prod-protected/EMITL2BMIN.001/EMIT_L2B_MIN_001_20240426T052336_2411704_007/EMIT_L2B_MIN_001_20240426T052336_2411704_007.nc
EMIT_L2B_MIN_001_20240519T110731_2414008_010,2024-05-19T11:07:31.000Z,2024-05-19T11:07:43.000Z,99,92.7,https://data.lpdaac.earthdatacloud.nasa.gov/lp-prod-protected/EMITL2BMIN.001/EMIT_L2B_MIN_001_20240519T110731_2414008_010/EMIT_L2B_MIN_001_20240519T110731_2414008_010.nc
EMIT_L2B_MIN_001_20240519T110743_2414008_011,2024-05-19T11:07:43.000Z,2024-05-19T11:07:54.000Z,99,92.0,https://data.lpdaac.earthdatacloud.nasa.gov/lp-prod-protected/EMITL2BMIN.001/EMIT_L2B_MIN_001_20240519T110743_2414008_011/EMIT_L2B_MIN_001_20240519T110743_2414008_011.nc
EMIT_L2B_MIN_001_20240625T051817_2417704_023,2024-06-25T05:18:17.000Z,2024-06-25T05:18:29.000Z,99,76.9,https://data.lpdaac.earthdatacloud.nasa.gov/lp-prod-protected/EMITL2BMIN.001/EMIT_L2B_MIN_001_20240625T051817_2417704_023/EMIT_L2B_MIN_001_20240625T051817_2417704_023.nc
EMIT_L2B_MIN_001_20240628T042959_2418003_003,2024-06-28T04:29:59.000Z,2024-06-28T04:30:19.000Z,99,138.6,https://data.lpdaac.earthdatacloud.nasa.gov/lp-prod-protected/EMITL2BMIN.001/EMIT_L2B_MIN_001_20240628T042959_2418003_003/EMIT_L2B_MIN_001_20240628T042959_2418003_003.nc
EMIT_L2B_MIN_001_20250722T093801_2520306_007,2025-07-22T09:38:01.000Z,2025-07-22T09:38:21.000Z,99,161.5,https://data.lpdaac.earthdatacloud.nasa.gov/lp-prod-protected/EMITL2BMIN.001/EMIT_L2B_MIN_001_20250722T093801_2520306_007/EMIT_L2B_MIN_001_20250722T093801_2520306_007.nc
EMIT_L2B_MIN_001_20250814T085114_2522606_026,2025-08-14T08:51:14.000Z,2025-08-14T08:51:26.000Z,99,82.6,https://data.lpdaac.earthdatacloud.nasa.gov/lp-prod-protected/EMITL2BMIN.001/EMIT_L2B_MIN_001_20250814T085114_2522606_026/EMIT_L2B_MIN_001_20250814T085114_2522606_026.nc
EMIT_L2B_MIN_001_20250925T073239_2526805_009,2025-09-25T07:32:39.000Z,2025-09-25T07:32:51.000Z,99,86.0,https://data.lpdaac.earthdatacloud.nasa.gov/lp-prod-protected/EMITL2BMIN.001/EMIT_L2B_MIN_001_20250925T073239_2526805_009/EMIT_L2B_MIN_001_20250925T073239_2526805_009.nc
EMIT_L2B_MIN_001_20250925T073251_2526805_010,2025-09-25T07:32:51.000Z,2025-09-25T07:33:11.000Z,99,143.4,https://data.lpdaac.earthdatacloud.nasa.gov/lp-prod-protected/EMITL2BMIN.001/EMIT_L2B_MIN_001_20250925T073251_2526805_010/EMIT_L2B_MIN_001_20250925T073251_2526805_010.nc
EMIT_L2B_MIN_001_20251003T042333_2527602_008,2025-10-03T04:23:33.000Z,2025-10-03T04:23:45.000Z,99,94.4,https://data.lpdaac.earthdatacloud.nasa.gov/lp-prod-protected/EMITL2BMIN.001/EMIT_L2B_MIN_001_20251003T042333_2527602_008/EMIT_L2B_MIN_001_20251003T042333_2527602_008.nc
EMIT_L2B_MIN_001_20260201T042324_2603202_008,2026-02-01T04:23:24.000Z,2026-02-01T04:23:44.000Z,99,147.2,https://data.lpdaac.earthdatacloud.nasa.gov/lp-prod-protected/EMITL2BMIN.001/EMIT_L2B_MIN_001_20260201T042324_2603202_008/EMIT_L2B_MIN_001_20260201T042324_2603202_008.nc
EMIT_L2B_MIN_001_20260416T083047_2610605_045,2026-04-16T08:30:47.000Z,2026-04-16T08:30:59.000Z,99,83.8,https://data.lpdaac.earthdatacloud.nasa.gov/lp-prod-protected/EMITL2BMIN.001/EMIT_L2B_MIN_001_20260416T083047_2610605_045/EMIT_L2B_MIN_001_20260416T083047_2610605_045.nc
EMIT_L2B_MIN_001_20260721T091513_2620206_012,2026-07-21T09:15:13.000Z,2026-07-21T09:15:25.000Z,99,91.5,https://data.lpdaac.earthdatacloud.nasa.gov/lp-prod-protected/EMITL2BMIN.001/EMIT_L2B_MIN_001_20260721T091513_2620206_012/EMIT_L2B_MIN_001_20260721T091513_2620206_012.nc
EMIT_L2B_MIN_001_20260724T082831_2620506_007,2026-07-24T08:28:31.000Z,2026-07-24T08:28:51.000Z,99,158.0,https://data.lpdaac.earthdatacloud.nasa.gov/lp-prod-protected/EMITL2BMIN.001/EMIT_L2B_MIN_001_20260724T082831_2620506_007/EMIT_L2B_MIN_001_20260724T082831_2620506_007.nc
EMIT_L2B_MIN_001_20260725T073958_2620605_005,2026-07-25T07:39:58.000Z,2026-07-25T07:40:10.000Z,99,93.4,https://data.lpdaac.earthdatacloud.nasa.gov/lp-prod-protected/EMITL2BMIN.001/EMIT_L2B_MIN_001_20260725T073958_2620605_005/EMIT_L2B_MIN_001_20260725T073958_2620605_005.nc
EMIT_L2B_MIN_001_20260725T074158_2620605_010,2026-07-25T07:41:58.000Z,2026-07-25T07:42:21.000Z,99,150.6,https://data.lpdaac.earthdatacloud.nasa.gov/lp-prod-protected/EMITL2BMIN.001/EMIT_L2B_MIN_001_20260725T074158_2620605_010/EMIT_L2B_MIN_001_20260725T074158_2620605_010.nc
EMIT_L2B_MIN_001_20260729T060626_2621004_002,2026-07-29T06:06:26.000Z,2026-07-29T06:06:38.000Z,99,98.4,https://data.lpdaac.earthdatacloud.nasa.gov/lp-prod-protected/EMITL2BMIN.001/EMIT_L2B_MIN_001_20260729T060626_2621004_002/EMIT_L2B_MIN_001_20260729T060626_2621004_002.nc
EMIT_L2B_MIN_001_20260729T060650_2621004_004,2026-07-29T06:06:50.000Z,2026-07-29T06:07:11.000Z,99,156.1,https://data.lpdaac.earthdatacloud.nasa.gov/lp-prod-protected/EMITL2BMIN.001/EMIT_L2B_MIN_001_20260729T060650_2621004_004/EMIT_L2B_MIN_001_20260729T060650_2621004_004.nc
EMIT_L2B_MIN_001_20260729T060804_2621004_005,2026-07-29T06:08:04.000Z,2026-07-29T06:08:16.000Z,99,108.3,https://data.lpdaac.earthdatacloud.nasa.gov/lp-prod-protected/EMITL2BMIN.001/EMIT_L2B_MIN_001_20260729T060804_2621004_005/EMIT_L2B_MIN_001_20260729T060804_2621004_005.nc
EMIT_L2B_MIN_001_20260729T060816_2621004_006,2026-07-29T06:08:16.000Z,2026-07-29T06:08:28.000Z,99,103.6,https://data.lpdaac.earthdatacloud.nasa.gov/lp-prod-protected/EMITL2BMIN.001/EMIT_L2B_MIN_001_20260729T060816_2621004_006/EMIT_L2B_MIN_001_20260729T060816_2621004_006.nc
EMIT_L2B_MIN_001_20220810T034127_2222203_003,2022-08-10T03:41:27.000Z,2022-08-10T03:41:39.000Z,100,83.6,https://data.lpdaac.earthdatacloud.nasa.gov/lp-prod-protected/EMITL2BMIN.001/EMIT_L2B_MIN_001_20220810T034127_2222203_003/EMIT_L2B_MIN_001_20220810T034127_2222203_003.nc
EMIT_L2B_MIN_001_20220810T034139_2222203_004,2022-08-10T03:41:39.000Z,2022-08-10T03:41:51.000Z,100,80.5,https://data.lpdaac.earthdatacloud.nasa.gov/lp-prod-protected/EMITL2BMIN.001/EMIT_L2B_MIN_001_20220810T034139_2222203_004/EMIT_L2B_MIN_001_20220810T034139_2222203_004.nc
EMIT_L2B_MIN_001_20220810T034151_2222203_005,2022-08-10T03:41:51.000Z,2022-08-10T03:42:03.000Z,100,81.2,https://data.lpdaac.earthdatacloud.nasa.gov/lp-prod-protected/EMITL2BMIN.001/EMIT_L2B_MIN_001_20220810T034151_2222203_005/EMIT_L2B_MIN_001_20220810T034151_2222203_005.nc
EMIT_L2B_MIN_001_20220810T034203_2222203_006,2022-08-10T03:42:03.000Z,2022-08-10T03:42:14.000Z,100,80.5,https://data.lpdaac.earthdatacloud.nasa.gov/lp-prod-protected/EMITL2BMIN.001/EMIT_L2B_MIN_001_20220810T034203_2222203_006/EMIT_L2B_MIN_001_20220810T034203_2222203_006.nc
EMIT_L2B_MIN_001_20220810T034214_2222203_007,2022-08-10T03:42:14.000Z,2022-08-10T03:42:26.000Z,100,78.8,https://data.lpdaac.earthdatacloud.nasa.gov/lp-prod-protected/EMITL2BMIN.001/EMIT_L2B_MIN_001_20220810T034214_2222203_007/EMIT_L2B_MIN_001_20220810T034214_2222203_007.nc
EMIT_L2B_MIN_001_20220810T034226_2222203_008,2022-08-10T03:42:26.000Z,2022-08-10T03:42:46.000Z,100,141.9,https://data.lpdaac.earthdatacloud.nasa.gov/lp-prod-protected/EMITL2BMIN.001/EMIT_L2B_MIN_001_20220810T034226_2222203_008/EMIT_L2B_MIN_001_20220810T034226_2222203_008.nc
EMIT_L2B_MIN_001_20220815T110437_2222707_030,2022-08-15T11:04:37.000Z,2022-08-15T11:04:49.000Z,100,91.9,https://data.lpdaac.earthdatacloud.nasa.gov/lp-prod-protected/EMITL2BMIN.001/EMIT_L2B_MIN_001_20220815T110437_2222707_030/EMIT_L2B_MIN_001_20220815T110437_2222707_030.nc
EMIT_L2B_MIN_001_20220815T110449_2222707_031,2022-08-15T11:04:49.000Z,2022-08-15T11:05:01.000Z,100,92.5,https://data.lpdaac.earthdatacloud.nasa.gov/lp-prod-protected/EMITL2BMIN.001/EMIT_L2B_MIN_001_20220815T110449_2222707_031/EMIT_L2B_MIN_001_20220815T110449_2222707_031.nc
EMIT_L2B_MIN_001_20220816T101529_2222807_030,2022-08-16T10:15:29.000Z,2022-08-16T10:15:41.000Z,100,77.8,https://data.lpdaac.earthdatacloud.nasa.gov/lp-prod-protected/EMITL2BMIN.001/EMIT_L2B_MIN_001_20220816T101529_2222807_030/EMIT_L2B_MIN_001_20220816T101529_2222807_030.nc
EMIT_L2B_MIN_001_20220816T101553_2222807_032,2022-08-16T10:15:53.000Z,2022-08-16T10:16:04.000Z,100,78.6,https://data.lpdaac.earthdatacloud.nasa.gov/lp-prod-protected/EMITL2BMIN.001/EMIT_L2B_MIN_001_20220816T101553_2222807_032/EMIT_L2B_MIN_001_20220816T101553_2222807_032.nc
EMIT_L2B_MIN_001_20220816T101604_2222807_033,2022-08-16T10:16:04.000Z,2022-08-16T10:16:16.000Z,100,81.9,https://data.lpdaac.earthdatacloud.nasa.gov/lp-prod-protected/EMITL2BMIN.001/EMIT_L2B_MIN_001_20220816T101604_2222807_033/EMIT_L2B_MIN_001_20220816T101604_2222807_033.nc
EMIT_L2B_MIN_001_20220816T101616_2222807_034,2022-08-16T10:16:16.000Z,2022-08-16T10:16:28.000Z,100,85.9,https://data.lpdaac.earthdatacloud.nasa.gov/lp-prod-protected/EMITL2BMIN.001/EMIT_L2B_MIN_001_20220816T101616_2222807_034/EMIT_L2B_MIN_001_20220816T101616_2222807_034.nc
EMIT_L2B_MIN_001_20220816T101628_2222807_035,2022-08-16T10:16:28.000Z,2022-08-16T10:16:46.000Z,100,131.5,https://data.lpdaac.earthdatacloud.nasa.gov/lp-prod-protected/EMITL2BMIN.001/EMIT_L2B_MIN_001_20220816T101628_2222807_035/EMIT_L2B_MIN_001_20220816T101628_2222807_035.nc
EMIT_L2B_MIN_001_20220819T092622_2223106_031,2022-08-19T09:26:22.000Z,2022-08-19T09:26:34.000Z,100,84.3,https://data.lpdaac.earthdatacloud.nasa.gov/lp-prod-protected/EMITL2BMIN.001/EMIT_L2B_MIN_001_20220819T092622_2223106_031/EMIT_L2B_MIN_001_20220819T092622_2223106_031.nc
EMIT_L2B_MIN_001_20220819T092634_2223106_032,2022-08-19T09:26:34.000Z,2022-08-19T09:26:46.000Z,100,76.2,https://data.lpdaac.earthdatacloud.nasa.gov/lp-prod-protected/EMITL2BMIN.001/EMIT_L2B_MIN_001_20220819T092634_2223106_032/EMIT_L2B_MIN_001_20220819T092634_2223106_032.nc
EMIT_L2B_MIN_001_20220819T092658_2223106_034,2022-08-19T09:26:58.000Z,2022-08-19T09:27:10.000Z,100,74.7,https://data.lpdaac.earthdatacloud.nasa.gov/lp-prod-protected/EMITL2BMIN.001/EMIT_L2B_MIN_001_20220819T092658_2223106_034/EMIT_L2B_MIN_001_20220819T092658_2223106_034.nc
EMIT_L2B_MIN_001_20220819T092710_2223106_035,2022-08-19T09:27:10.000Z,2022-08-19T09:27:21.000Z,100,76.3,https://data.lpdaac.earthdatacloud.nasa.gov/lp-prod-protected/EMITL2BMIN.001/EMIT_L2B_MIN_001_20220819T092710_2223106_035/EMIT_L2B_MIN_001_20220819T092710_2223106_035.nc
EMIT_L2B_MIN_001_20220819T092721_2223106_036,2022-08-19T09:27:21.000Z,2022-08-19T09:27:33.000Z,100,76.8,https://data.lpdaac.earthdatacloud.nasa.gov/lp-prod-protected/EMITL2BMIN.001/EMIT_L2B_MIN_001_20220819T092721_2223106_036/EMIT_L2B_MIN_001_20220819T092721_2223106_036.nc
EMIT_L2B_MIN_001_20220823T074856_2223505_035,2022-08-23T07:48:56.000Z,2022-08-23T07:49:08.000Z,100,74.4,https://data.lpdaac.earthdatacloud.nasa.gov/lp-prod-protected/EMITL2BMIN.001/EMIT_L2B_MIN_001_20220823T074856_2223505_035/EMIT_L2B_MIN_001_20220823T074856_2223505_035.nc
EMIT_L2B_MIN_001_20220823T074908_2223505_036,2022-08-23T07:49:08.000Z,2022-08-23T07:49:20.000Z,100,74.8,https://data.lpdaac.earthdatacloud.nasa.gov/lp-prod-protected/EMITL2BMIN.001/EMIT_L2B_MIN_001_20220823T074908_2223505_036/EMIT_L2B_MIN_001_20220823T074908_2223505_036.nc
EMIT_L2B_MIN_001_20220823T074944_2223505_039,2022-08-23T07:49:44.000Z,2022-08-23T07:50:05.000Z,100,142.0,https://data.lpdaac.earthdatacloud.nasa.gov/lp-prod-protected/EMITL2BMIN.001/EMIT_L2B_MIN_001_20220823T074944_2223505_039/EMIT_L2B_MIN_001_20220823T074944_2223505_039.nc
EMIT_L2B_MIN_001_20220827T061129_2223904_022,2022-08-27T06:11:29.000Z,2022-08-27T06:11:41.000Z,100,82.5,https://data.lpdaac.earthdatacloud.nasa.gov/lp-prod-protected/EMITL2BMIN.001/EMIT_L2B_MIN_001_20220827T061129_2223904_022/EMIT_L2B_MIN_001_20220827T061129_2223904_022.nc
EMIT_L2B_MIN_001_20220827T061141_2223904_023,2022-08-27T06:11:41.000Z,2022-08-27T06:11:53.000Z,100,79.6,https://data.lpdaac.earthdatacloud.nasa.gov/lp-prod-protected/EMITL2BMIN.001/EMIT_L2B_MIN_001_20220827T061141_2223904_023/EMIT_L2B_MIN_001_20220827T061141_2223904_023.nc
EMIT_L2B_MIN_001_20220827T061153_2223904_024,2022-08-27T06:11:53.000Z,2022-08-27T06:12:05.000Z,100,83.3,https://data.lpdaac.earthdatacloud.nasa.gov/lp-prod-protected/EMITL2BMIN.001/EMIT_L2B_MIN_001_20220827T061153_2223904_024/EMIT_L2B_MIN_001_20220827T061153_2223904_024.nc
EMIT_L2B_MIN_001_20220827T061205_2223904_025,2022-08-27T06:12:05.000Z,2022-08-27T06:12:17.000Z,100,79.3,https://data.lpdaac.earthdatacloud.nasa.gov/lp-prod-protected/EMITL2BMIN.001/EMIT_L2B_MIN_001_20220827T061205_2223904_025/EMIT_L2B_MIN_001_20220827T061205_2223904_025.nc
EMIT_L2B_MIN_001_20220827T061217_2223904_026,2022-08-27T06:12:17.000Z,2022-08-27T06:12:28.000Z,100,80.7,https://data.lpdaac.earthdatacloud.nasa.gov/lp-prod-protected/EMITL2BMIN.001/EMIT_L2B_MIN_001_20220827T061217_2223904_026/EMIT_L2B_MIN_001_20220827T061217_2223904_026.nc
EMIT_L2B_MIN_001_20220827T061228_2223904_027,2022-08-27T06:12:28.000Z,2022-08-27T06:12:51.000Z,100,148.8,https://data.lpdaac.earthdatacloud.nasa.gov/lp-prod-protected/EMITL2BMIN.001/EMIT_L2B_MIN_001_20220827T061228_2223904_027/EMIT_L2B_MIN_001_20220827T061228_2223904_027.nc
EMIT_L2B_MIN_001_20230124T093932_2302407_008,2023-01-24T09:39:32.000Z,2023-01-24T09:39:44.000Z,100,76.3,https://data.lpdaac.earthdatacloud.nasa.gov/lp-prod-protected/EMITL2BMIN.001/EMIT_L2B_MIN_001_20230124T093932_2302407_008/EMIT_L2B_MIN_001_20230124T093932_2302407_008.nc
EMIT_L2B_MIN_001_20230124T093956_2302407_010,2023-01-24T09:39:56.000Z,2023-01-24T09:40:08.000Z,100,76.1,https://data.lpdaac.earthdatacloud.nasa.gov/lp-prod-protected/EMITL2BMIN.001/EMIT_L2B_MIN_001_20230124T093956_2302407_010/EMIT_L2B_MIN_001_20230124T093956_2302407_010.nc
EMIT_L2B_MIN_001_20230124T094008_2302407_011,2023-01-24T09:40:08.000Z,2023-01-24T09:40:21.000Z,100,89.1,https://data.lpdaac.earthdatacloud.nasa.gov/lp-prod-protected/EMITL2BMIN.001/EMIT_L2B_MIN_001_20230124T094008_2302407_011/EMIT_L2B_MIN_001_20230124T094008_2302407_011.nc
EMIT_L2B_MIN_001_20230128T080100_2302806_004,2023-01-28T08:01:00.000Z,2023-01-28T08:01:12.000Z,100,75.2,https://data.lpdaac.earthdatacloud.nasa.gov/lp-prod-protected/EMITL2BMIN.001/EMIT_L2B_MIN_001_20230128T080100_2302806_004/EMIT_L2B_MIN_001_20230128T080100_2302806_004.nc
EMIT_L2B_MIN_001_20230330T081314_2308906_009,2023-03-30T08:13:14.000Z,2023-03-30T08:13:26.000Z,100,79.8,https://data.lpdaac.earthdatacloud.nasa.gov/lp-prod-protected/EMITL2BMIN.001/EMIT_L2B_MIN_001_20230330T081314_2308906_009/EMIT_L2B_MIN_001_20230330T081314_2308906_009.nc
EMIT_L2B_MIN_001_20230429T051244_2311903_030,2023-04-29T05:12:44.000Z,2023-04-29T05:12:55.000Z,100,75.8,https://data.lpdaac.earthdatacloud.nasa.gov/lp-prod-protected/EMITL2BMIN.001/EMIT_L2B_MIN_001_20230429T051244_2311903_030/EMIT_L2B_MIN_001_20230429T051244_2311903_030.nc
EMIT_L2B_MIN_001_20230617T093821_2316806_047,2023-06-17T09:38:21.000Z,2023-06-17T09:38:32.000Z,100,74.6,https://data.lpdaac.earthdatacloud.nasa.gov/lp-prod-protected/EMITL2BMIN.001/EMIT_L2B_MIN_001_20230617T093821_2316806_047/EMIT_L2B_MIN_001_20230617T093821_2316806_047.nc
EMIT_L2B_MIN_001_20230617T093832_2316806_048,2023-06-17T09:38:32.000Z,2023-06-17T09:38:44.000Z,100,77.4,https://data.lpdaac.earthdatacloud.nasa.gov/lp-prod-protected/EMITL2BMIN.001/EMIT_L2B_MIN_001_20230617T093832_2316806_048/EMIT_L2B_MIN_001_20230617T093832_2316806_048.nc
EMIT_L2B_MIN_001_20230617T093844_2316806_049,2023-06-17T09:38:44.000Z,2023-06-17T09:38:56.000Z,100,75.3,https://data.lpdaac.earthdatacloud.nasa.gov/lp-prod-protected/EMITL2BMIN.001/EMIT_L2B_MIN_001_20230617T093844_2316806_049/EMIT_L2B_MIN_001_20230617T093844_2316806_049.nc
EMIT_L2B_MIN_001_20230617T093932_2316806_053,2023-06-17T09:39:32.000Z,2023-06-17T09:39:51.000Z,100,149.7,https://data.lpdaac.earthdatacloud.nasa.gov/lp-prod-protected/EMITL2BMIN.001/EMIT_L2B_MIN_001_20230617T093932_2316806_053/EMIT_L2B_MIN_001_20230617T093932_2316806_053.nc
EMIT_L2B_MIN_001_20230625T062330_2317604_041,2023-06-25T06:23:30.000Z,2023-06-25T06:23:42.000Z,100,87.8,https://data.lpdaac.earthdatacloud.nasa.gov/lp-prod-protected/EMITL2BMIN.001/EMIT_L2B_MIN_001_20230625T062330_2317604_041/EMIT_L2B_MINUNCERT_001_20230625T062330_2317604_041.nc
EMIT_L2B_MIN_001_20230625T062342_2317604_042,2023-06-25T06:23:42.000Z,2023-06-25T06:23:54.000Z,100,91.6,https://data.lpdaac.earthdatacloud.nasa.gov/lp-prod-protected/EMITL2BMIN.001/EMIT_L2B_MIN_001_20230625T062342_2317604_042/EMIT_L2B_MIN_001_20230625T062342_2317604_042.nc
EMIT_L2B_MIN_001_20230625T062406_2317604_044,2023-06-25T06:24:06.000Z,2023-06-25T06:24:29.000Z,100,153.4,https://data.lpdaac.earthdatacloud.nasa.gov/lp-prod-protected/EMITL2BMIN.001/EMIT_L2B_MIN_001_20230625T062406_2317604_044/EMIT_L2B_MIN_001_20230625T062406_2317604_044.nc
EMIT_L2B_MIN_001_20230629T044534_2318003_030,2023-06-29T04:45:34.000Z,2023-06-29T04:45:54.000Z,100,131.3,https://data.lpdaac.earthdatacloud.nasa.gov/lp-prod-protected/EMITL2BMIN.001/EMIT_L2B_MIN_001_20230629T044534_2318003_030/EMIT_L2B_MIN_001_20230629T044534_2318003_030.nc
EMIT_L2B_MIN_001_20230702T035446_2318303_004,2023-07-02T03:54:46.000Z,2023-07-02T03:54:58.000Z,100,92.6,https://data.lpdaac.earthdatacloud.nasa.gov/lp-prod-protected/EMITL2BMIN.001/EMIT_L2B_MIN_001_20230702T035446_2318303_004/EMIT_L2B_MIN_001_20230702T035446_2318303_004.nc
EMIT_L2B_MIN_001_20230726T091715_2320706_007,2023-07-26T09:17:15.000Z,2023-07-26T09:17:27.000Z,100,80.0,https://data.lpdaac.earthdatacloud.nasa.gov/lp-prod-protected/EMITL2BMIN.001/EMIT_L2B_MIN_001_20230726T091715_2320706_007/EMIT_L2B_MIN_001_20230726T091715_2320706_007.nc
EMIT_L2B_MIN_001_20230726T091739_2320706_009,2023-07-26T09:17:39.000Z,2023-07-26T09:17:51.000Z,100,76.1,https://data.lpdaac.earthdatacloud.nasa.gov/lp-prod-protected/EMITL2BMIN.001/EMIT_L2B_MIN_001_20230726T091739_2320706_009/EMIT_L2B_MIN_001_20230726T091739_2320706_009.nc
EMIT_L2B_MIN_001_20230726T091803_2320706_011,2023-07-26T09:18:03.000Z,2023-07-26T09:18:15.000Z,100,79.1,https://data.lpdaac.earthdatacloud.nasa.gov/lp-prod-protected/EMITL2BMIN.001/EMIT_L2B_MIN_001_20230726T091803_2320706_011/EMIT_L2B_MIN_001_20230726T091803_2320706_011.nc
EMIT_L2B_MIN_001_20230730T074043_2321105_006,2023-07-30T07:40:43.000Z,2023-07-30T07:40:55.000Z,100,75.2,https://data.lpdaac.earthdatacloud.nasa.gov/lp-prod-protected/EMITL2BMIN.001/EMIT_L2B_MIN_001_20230730T074043_2321105_006/EMIT_L2B_MIN_001_20230730T074043_2321105_006.nc
EMIT_L2B_MIN_001_20230807T042721_2321903_010,2023-08-07T04:27:21.000Z,2023-08-07T04:27:33.000Z,100,74.7,https://data.lpdaac.earthdatacloud.nasa.gov/lp-prod-protected/EMITL2BMIN.001/EMIT_L2B_MIN_001_20230807T042721_2321903_010/EMIT_L2B_MIN_001_20230807T042721_2321903_010.nc
EMIT_L2B_MIN_001_20230807T042733_2321903_011,2023-08-07T04:27:33.000Z,2023-08-07T04:27:44.000Z,100,75.3,https://data.lpdaac.earthdatacloud.nasa.gov/lp-prod-protected/EMITL2BMIN.001/EMIT_L2B_MIN_001_20230807T042733_2321903_011/EMIT_L2B_MIN_001_20230807T042733_2321903_011.nc
EMIT_L2B_MIN_001_20230807T042744_2321903_012,2023-08-07T04:27:44.000Z,2023-08-07T04:27:56.000Z,100,75.4,https://data.lpdaac.earthdatacloud.nasa.gov/lp-prod-protected/EMITL2BMIN.001/EMIT_L2B_MIN_001_20230807T042744_2321903_012/EMIT_L2B_MIN_001_20230807T042744_2321903_012.nc
EMIT_L2B_MIN_001_20230807T042820_2321903_015,2023-08-07T04:28:20.000Z,2023-08-07T04:28:32.000Z,100,81.2,https://data.lpdaac.earthdatacloud.nasa.gov/lp-prod-protected/EMITL2BMIN.001/EMIT_L2B_MIN_001_20230807T042820_2321903_015/EMIT_L2B_MIN_001_20230807T042820_2321903_015.nc
EMIT_L2B_MIN_001_20230816T101633_2322807_041,2023-08-16T10:16:33.000Z,2023-08-16T10:16:45.000Z,100,80.0,https://data.lpdaac.earthdatacloud.nasa.gov/lp-prod-protected/EMITL2BMIN.001/EMIT_L2B_MIN_001_20230816T101633_2322807_041/EMIT_L2B_MIN_001_20230816T101633_2322807_041.nc
EMIT_L2B_MIN_001_20230817T092836_2322906_044,2023-08-17T09:28:36.000Z,2023-08-17T09:28:48.000Z,100,89.1,https://data.lpdaac.earthdatacloud.nasa.gov/lp-prod-protected/EMITL2BMIN.001/EMIT_L2B_MIN_001_20230817T092836_2322906_044/EMIT_L2B_MIN_001_20230817T092836_2322906_044.nc
EMIT_L2B_MIN_001_20230817T092900_2322906_046,2023-08-17T09:29:00.000Z,2023-08-17T09:29:11.000Z,100,76.1,https://data.lpdaac.earthdatacloud.nasa.gov/lp-prod-protected/EMITL2BMIN.001/EMIT_L2B_MIN_001_20230817T092900_2322906_046/EMIT_L2B_MIN_001_20230817T092900_2322906_046.nc
EMIT_L2B_MIN_001_20230817T092911_2322906_047,2023-08-17T09:29:11.000Z,2023-08-17T09:29:31.000Z,100,125.2,https://data.lpdaac.earthdatacloud.nasa.gov/lp-prod-protected/EMITL2BMIN.001/EMIT_L2B_MIN_001_20230817T092911_2322906_047/EMIT_L2B_MIN_001_20230817T092911_2322906_047.nc
EMIT_L2B_MIN_001_20230818T084048_2323006_041,2023-08-18T08:40:48.000Z,2023-08-18T08:41:06.000Z,100,120.1,https://data.lpdaac.earthdatacloud.nasa.gov/lp-prod-protected/EMITL2BMIN.001/EMIT_L2B_MIN_001_20230818T084048_2323006_041/EMIT_L2B_MIN_001_20230818T084048_2323006_041.nc
EMIT_L2B_MIN_001_20230821T075347_2323305_042,2023-08-21T07:53:47.000Z,2023-08-21T07:53:59.000Z,100,75.1,https://data.lpdaac.earthdatacloud.nasa.gov/lp-prod-protected/EMITL2BMIN.001/EMIT_L2B_MIN_001_20230821T075347_2323305_042/EMIT_L2B_MIN_001_20230821T075347_2323305_042.nc
EMIT_L2B_MIN_001_20230821T075423_2323305_045,2023-08-21T07:54:23.000Z,2023-08-21T07:54:35.000Z,100,76.5,https://data.lpdaac.earthdatacloud.nasa.gov/lp-prod-protected/EMITL2BMIN.001/EMIT_L2B_MIN_001_20230821T075423_2323305_045/EMIT_L2B_MIN_001_20230821T075423_2323305_045.nc
EMIT_L2B_MIN_001_20230825T061832_2323704_035,2023-08-25T06:18:32.000Z,2023-08-25T06:18:44.000Z,100,74.7,https://data.lpdaac.earthdatacloud.nasa.gov/lp-prod-protected/EMITL2BMIN.001/EMIT_L2B_MIN_001_20230825T061832_2323704_035/EMIT_L2B_MIN_001_20230825T061832_2323704_035.nc
EMIT_L2B_MIN_001_20230825T061844_2323704_036,2023-08-25T06:18:44.000Z,2023-08-25T06:18:56.000Z,100,76.0,https://data.lpdaac.earthdatacloud.nasa.gov/lp-prod-protected/EMITL2BMIN.001/EMIT_L2B_MIN_001_20230825T061844_2323704_036/EMIT_L2B_MIN_001_20230825T061844_2323704_036.nc
EMIT_L2B_MIN_001_20230828T053038_2324004_024,2023-08-28T05:30:38.000Z,2023-08-28T05:30:50.000Z,100,79.2,https://data.lpdaac.earthdatacloud.nasa.gov/lp-prod-protected/EMITL2BMIN.001/EMIT_L2B_MIN_001_20230828T053038_2324004_024/EMIT_L2B_MIN_001_20230828T053038_2324004_024.nc
EMIT_L2B_MIN_001_20230828T053050_2324004_025,2023-08-28T05:30:50.000Z,2023-08-28T05:31:01.000Z,100,80.2,https://data.lpdaac.earthdatacloud.nasa.gov/lp-prod-protected/EMITL2BMIN.001/EMIT_L2B_MIN_001_20230828T053050_2324004_025/EMIT_L2B_MIN_001_20230828T053050_2324004_025.nc
EMIT_L2B_MIN_001_20230829T044145_2324103_009,2023-08-29T04:41:45.000Z,2023-08-29T04:41:57.000Z,100,80.3,https://data.lpdaac.earthdatacloud.nasa.gov/lp-prod-protected/EMITL2BMIN.001/EMIT_L2B_MIN_001_20230829T044145_2324103_009/EMIT_L2B_MIN_001_20230829T044145_2324103_009.nc
EMIT_L2B_MIN_001_20230829T044157_2324103_010,2023-08-29T04:41:57.000Z,2023-08-29T04:42:09.000Z,100,82.8,https://data.lpdaac.earthdatacloud.nasa.gov/lp-prod-protected/EMITL2BMIN.001/EMIT_L2B_MIN_001_20230829T044157_2324103_010/EMIT_L2B_MIN_001_20230829T044157_2324103_010.nc
EMIT_L2B_MIN_001_20230829T044232_2324103_013,2023-08-29T04:42:32.000Z,2023-08-29T04:42:44.000Z,100,77.0,https://data.lpdaac.earthdatacloud.nasa.gov/lp-prod-protected/EMITL2BMIN.001/EMIT_L2B_MIN_001_20230829T044232_2324103_013/EMIT_L2B_MIN_001_20230829T044232_2324103_013.nc
EMIT_L2B_MIN_001_20230922T100800_2326507_004,2023-09-22T10:08:00.000Z,2023-09-22T10:08:12.000Z,100,77.8,https://data.lpdaac.earthdatacloud.nasa.gov/lp-prod-protected/EMITL2BMIN.001/EMIT_L2B_MIN_001_20230922T100800_2326507_004/EMIT_L2B_MIN_001_20230922T100800_2326507_004.nc
EMIT_L2B_MIN_001_20230922T100823_2326507_006,2023-09-22T10:08:23.000Z,2023-09-22T10:08:35.000Z,100,81.6,https://data.lpdaac.earthdatacloud.nasa.gov/lp-prod-protected/EMITL2BMIN.001/EMIT_L2B_MIN_001_20230922T100823_2326507_006/EMIT_L2B_MIN_001_20230922T100823_2326507_006.nc
EMIT_L2B_MIN_001_20230922T100946_2326507_013,2023-09-22T10:09:46.000Z,2023-09-22T10:09:58.000Z,100,80.8,https://data.lpdaac.earthdatacloud.nasa.gov/lp-prod-protected/EMITL2BMIN.001/EMIT_L2B_MIN_001_20230922T100946_2326507_013/EMIT_L2B_MIN_001_20230922T100946_2326507_013.nc
EMIT_L2B_MIN_001_20230926T083238_2326906_003,2023-09-26T08:32:38.000Z,2023-09-26T08:32:50.000Z,100,82.9,https://data.lpdaac.earthdatacloud.nasa.gov/lp-prod-protected/EMITL2BMIN.001/EMIT_L2B_MIN_001_20230926T083238_2326906_003/EMIT_L2B_MIN_001_20230926T083238_2326906_003.nc
EMIT_L2B_MIN_001_20230926T083425_2326906_012,2023-09-26T08:34:25.000Z,2023-09-26T08:34:36.000Z,100,83.8,https://data.lpdaac.earthdatacloud.nasa.gov/lp-prod-protected/EMITL2BMIN.001/EMIT_L2B_MIN_001_20230926T083425_2326906_012/EMIT_L2B_MIN_001_20230926T083425_2326906_012.nc
EMIT_L2B_MIN_001_20231007T043327_2328003_005,2023-10-07T04:33:27.000Z,2023-10-07T04:33:38.000Z,100,93.0,https://data.lpdaac.earthdatacloud.nasa.gov/lp-prod-protected/EMITL2BMIN.001/EMIT_L2B_MIN_001_20231007T043327_2328003_005/EMIT_L2B_MIN_001_20231007T043327_2328003_005.nc
EMIT_L2B_MIN_001_20231017T093139_2329006_044,2023-10-17T09:31:39.000Z,2023-10-17T09:31:51.000Z,100,93.8,https://data.lpdaac.earthdatacloud.nasa.gov/lp-prod-protected/EMITL2BMIN.001/EMIT_L2B_MIN_001_20231017T093139_2329006_044/EMIT_L2B_MIN_001_20231017T093139_2329006_044.nc
EMIT_L2B_MIN_001_20231021T075525_2329405_044,2023-10-21T07:55:25.000Z,2023-10-21T07:55:37.000Z,100,83.8,https://data.lpdaac.earthdatacloud.nasa.gov/lp-prod-protected/EMITL2BMIN.001/EMIT_L2B_MIN_001_20231021T075525_2329405_044/EMIT_L2B_MIN_001_20231021T075525_2329405_044.nc
EMIT_L2B_MIN_001_20231126T083405_2333006_004,2023-11-26T08:34:05.000Z,2023-11-26T08:34:17.000Z,100,76.6,https://data.lpdaac.earthdatacloud.nasa.gov/lp-prod-protected/EMITL2BMIN.001/EMIT_L2B_MIN_001_20231126T083405_2333006_004/EMIT_L2B_MIN_001_20231126T083405_2333006_004.nc
EMIT_L2B_MIN_001_20231126T083417_2333006_005,2023-11-26T08:34:17.000Z,2023-11-26T08:34:28.000Z,100,79.9,https://data.lpdaac.earthdatacloud.nasa.gov/lp-prod-protected/EMITL2BMIN.001/EMIT_L2B_MIN_001_20231126T083417_2333006_005/EMIT_L2B_MIN_001_20231126T083417_2333006_005.nc
EMIT_L2B_MIN_001_20231126T083428_2333006_006,2023-11-26T08:34:28.000Z,2023-11-26T08:34:40.000Z,100,86.4,https://data.lpdaac.earthdatacloud.nasa.gov/lp-prod-protected/EMITL2BMIN.001/EMIT_L2B_MIN_001_20231126T083428_2333006_006/EMIT_L2B_MIN_001_20231126T083428_2333006_006.nc
EMIT_L2B_MIN_001_20231126T083440_2333006_007,2023-11-26T08:34:40.000Z,2023-11-26T08:34:52.000Z,100,94.7,https://data.lpdaac.earthdatacloud.nasa.gov/lp-prod-protected/EMITL2BMIN.001/EMIT_L2B_MIN_001_20231126T083440_2333006_007/EMIT_L2B_MIN_001_20231126T083440_2333006_007.nc
EMIT_L2B_MIN_001_20231126T083452_2333006_008,2023-11-26T08:34:52.000Z,2023-11-26T08:35:04.000Z,100,95.4,https://data.lpdaac.earthdatacloud.nasa.gov/lp-prod-protected/EMITL2BMIN.001/EMIT_L2B_MIN_001_20231126T083452_2333006_008/EMIT_L2B_MIN_001_20231126T083452_2333006_008.nc
EMIT_L2B_MIN_001_20231126T083504_2333006_009,2023-11-26T08:35:04.000Z,2023-11-26T08:35:16.000Z,100,93.8,https://data.lpdaac.earthdatacloud.nasa.gov/lp-prod-protected/EMITL2BMIN.001/EMIT_L2B_MIN_001_20231126T083504_2333006_009/EMIT_L2B_MIN_001_20231126T083504_2333006_009.nc
EMIT_L2B_MIN_001_20231126T083516_2333006_010,2023-11-26T08:35:16.000Z,2023-11-26T08:35:28.000Z,100,83.5,https://data.lpdaac.earthdatacloud.nasa.gov/lp-prod-protected/EMITL2BMIN.001/EMIT_L2B_MIN_001_20231126T083516_2333006_010/EMIT_L2B_MIN_001_20231126T083516_2333006_010.nc
EMIT_L2B_MIN_001_20231126T083528_2333006_011,2023-11-26T08:35:28.000Z,2023-11-26T08:35:40.000Z,100,93.1,https://data.lpdaac.earthdatacloud.nasa.gov/lp-prod-protected/EMITL2BMIN.001/EMIT_L2B_MIN_001_20231126T083528_2333006_011/EMIT_L2B_MIN_001_20231126T083528_2333006_011.nc
EMIT_L2B_MIN_001_20231130T065832_2333405_008,2023-11-30T06:58:32.000Z,2023-11-30T06:58:44.000Z,100,92.4,https://data.lpdaac.earthdatacloud.nasa.gov/lp-prod-protected/EMITL2BMIN.001/EMIT_L2B_MIN_001_20231130T065832_2333405_008/EMIT_L2B_MIN_001_20231130T065832_2333405_008.nc
EMIT_L2B_MIN_001_20231130T065844_2333405_009,2023-11-30T06:58:44.000Z,2023-11-30T06:58:56.000Z,100,92.5,https://data.lpdaac.earthdatacloud.nasa.gov/lp-prod-protected/EMITL2BMIN.001/EMIT_L2B_MIN_001_20231130T065844_2333405_009/EMIT_L2B_MIN_001_20231130T065844_2333405_009.nc
EMIT_L2B_MIN_001_20231130T065856_2333405_010,2023-11-30T06:58:56.000Z,2023-11-30T06:59:08.000Z,100,78.1,https://data.lpdaac.earthdatacloud.nasa.gov/lp-prod-protected/EMITL2BMIN.001/EMIT_L2B_MIN_001_20231130T065856_2333405_010/EMIT_L2B_MIN_001_20231130T065856_2333405_010.nc
EMIT_L2B_MIN_001_20231204T052213_2333804_011,2023-12-04T05:22:13.000Z,2023-12-04T05:22:25.000Z,100,80.9,https://data.lpdaac.earthdatacloud.nasa.gov/lp-prod-protected/EMITL2BMIN.001/EMIT_L2B_MIN_001_20231204T052213_2333804_011/EMIT_L2B_MIN_001_20231204T052213_2333804_011.nc
EMIT_L2B_MIN_001_20240130T064724_2403005_001,2024-01-30T06:47:24.000Z,2024-01-30T06:47:36.000Z,100,74.5,https://data.lpdaac.earthdatacloud.nasa.gov/lp-prod-protected/EMITL2BMIN.001/EMIT_L2B_MIN_001_20240130T064724_2403005_001/EMIT_L2B_MIN_001_20240130T064724_2403005_001.nc
EMIT_L2B_MIN_001_20240726T081857_2420806_008,2024-07-26T08:18:57.000Z,2024-07-26T08:19:08.000Z,100,86.2,https://data.lpdaac.earthdatacloud.nasa.gov/lp-prod-protected/EMITL2BMIN.001/EMIT_L2B_MIN_001_20240726T081857_2420806_008/EMIT_L2B_MIN_001_20240726T081857_2420806_008.nc
EMIT_L2B_MIN_001_20240726T081908_2420806_009,2024-07-26T08:19:08.000Z,2024-07-26T08:19:20.000Z,100,77.2,https://data.lpdaac.earthdatacloud.nasa.gov/lp-prod-protected/EMITL2BMIN.001/EMIT_L2B_MIN_001_20240726T081908_2420806_009/EMIT_L2B_MIN_001_20240726T081908_2420806_009.nc
EMIT_L2B_MIN_001_20240816T091516_2422906_031,2024-08-16T09:15:16.000Z,2024-08-16T09:15:36.000Z,100,130.5,https://data.lpdaac.earthdatacloud.nasa.gov/lp-prod-protected/EMITL2BMIN.001/EMIT_L2B_MIN_001_20240816T091516_2422906_031/EMIT_L2B_MIN_001_20240816T091516_2422906_031.nc
EMIT_L2B_MIN_001_20240817T082619_2423006_029,2024-08-17T08:26:19.000Z,2024-08-17T08:26:31.000Z,100,85.1,https://data.lpdaac.earthdatacloud.nasa.gov/lp-prod-protected/EMITL2BMIN.001/EMIT_L2B_MIN_001_20240817T082619_2423006_029/EMIT_L2B_MIN_001_20240817T082619_2423006_029.nc
EMIT_L2B_MIN_001_20240817T082631_2423006_030,2024-08-17T08:26:31.000Z,2024-08-17T08:26:43.000Z,100,82.7,https://data.lpdaac.earthdatacloud.nasa.gov/lp-prod-protected/EMITL2BMIN.001/EMIT_L2B_MIN_001_20240817T082631_2423006_030/EMIT_L2B_MIN_001_20240817T082631_2423006_030.nc
EMIT_L2B_MIN_001_20240825T051027_2423803_013,2024-08-25T05:10:27.000Z,2024-08-25T05:10:39.000Z,100,86.3,https://data.lpdaac.earthdatacloud.nasa.gov/lp-prod-protected/EMITL2BMIN.001/EMIT_L2B_MIN_001_20240825T051027_2423803_013/EMIT_L2B_MIN_001_20240825T051027_2423803_013.nc
EMIT_L2B_MIN_001_20240825T051039_2423803_014,2024-08-25T05:10:39.000Z,2024-08-25T05:10:59.000Z,100,128.8,https://data.lpdaac.earthdatacloud.nasa.gov/lp-prod-protected/EMITL2BMIN.001/EMIT_L2B_MIN_001_20240825T051039_2423803_014/EMIT_L2B_MIN_001_20240825T051039_2423803_014.nc
EMIT_L2B_MIN_001_20240926T073841_2427005_002,2024-09-26T07:38:41.000Z,2024-09-26T07:39:01.000Z,100,126.3,https://data.lpdaac.earthdatacloud.nasa.gov/lp-prod-protected/EMITL2BMIN.001/EMIT_L2B_MIN_001_20240926T073841_2427005_002/EMIT_L2B_MIN_001_20240926T073841_2427005_002.nc
EMIT_L2B_MIN_001_20240930T060236_2427404_002,2024-09-30T06:02:36.000Z,2024-09-30T06:02:56.000Z,100,135.0,https://data.lpdaac.earthdatacloud.nasa.gov/lp-prod-protected/EMITL2BMIN.001/EMIT_L2B_MIN_001_20240930T060236_2427404_002/EMIT_L2B_MIN_001_20240930T060236_2427404_002.nc
EMIT_L2B_MIN_001_20241004T042550_2427803_007,2024-10-04T04:25:50.000Z,2024-10-04T04:26:02.000Z,100,83.1,https://data.lpdaac.earthdatacloud.nasa.gov/lp-prod-protected/EMITL2BMIN.001/EMIT_L2B_MIN_001_20241004T042550_2427803_007/EMIT_L2B_MIN_001_20241004T042550_2427803_007.nc
EMIT_L2B_MIN_001_20241004T042602_2427803_008,2024-10-04T04:26:02.000Z,2024-10-04T04:26:14.000Z,100,88.1,https://data.lpdaac.earthdatacloud.nasa.gov/lp-prod-protected/EMITL2BMIN.001/EMIT_L2B_MIN_001_20241004T042602_2427803_008/EMIT_L2B_MIN_001_20241004T042602_2427803_008.nc
EMIT_L2B_MIN_001_20241013T101719_2428707_025,2024-10-13T10:17:19.000Z,2024-10-13T10:17:31.000Z,100,81.4,https://data.lpdaac.earthdatacloud.nasa.gov/lp-prod-protected/EMITL2BMIN.001/EMIT_L2B_MIN_001_20241013T101719_2428707_025/EMIT_L2B_MIN_001_20241013T101719_2428707_025.nc
EMIT_L2B_MIN_001_20250621T065216_2517204_023,2025-06-21T06:52:16.000Z,2025-06-21T06:52:39.000Z,100,152.7,https://data.lpdaac.earthdatacloud.nasa.gov/lp-prod-protected/EMITL2BMIN.001/EMIT_L2B_MIN_001_20250621T065216_2517204_023/EMIT_L2B_MIN_001_20250621T065216_2517204_023.nc
EMIT_L2B_MIN_001_20250719T102536_2520007_005,2025-07-19T10:25:36.000Z,2025-07-19T10:25:56.000Z,100,131.2,https://data.lpdaac.earthdatacloud.nasa.gov/lp-prod-protected/EMITL2BMIN.001/EMIT_L2B_MIN_001_20250719T102536_2520007_005/EMIT_L2B_MIN_001_20250719T102536_2520007_005.nc
EMIT_L2B_MIN_001_20250820T071442_2523205_012,2025-08-20T07:14:42.000Z,2025-08-20T07:14:54.000Z,100,75.4,https://data.lpdaac.earthdatacloud.nasa.gov/lp-prod-protected/EMITL2BMIN.001/EMIT_L2B_MIN_001_20250820T071442_2523205_012/EMIT_L2B_MIN_001_20250820T071442_2523205_012.nc
EMIT_L2B_MIN_001_20250825T044904_2523703_003,2025-08-25T04:49:04.000Z,2025-08-25T04:49:24.000Z,100,128.4,https://data.lpdaac.earthdatacloud.nasa.gov/lp-prod-protected/EMITL2BMIN.001/EMIT_L2B_MIN_001_20250825T044904_2523703_003/EMIT_L2B_MIN_001_20250825T044904_2523703_003.nc
EMIT_L2B_MIN_001_20250921T091156_2526406_018,2025-09-21T09:11:56.000Z,2025-09-21T09:12:16.000Z,100,147.6,https://data.lpdaac.earthdatacloud.nasa.gov/lp-prod-protected/EMITL2BMIN.001/EMIT_L2B_MIN_001_20250921T091156_2526406_018/EMIT_L2B_MIN_001_20250921T091156_2526406_018.nc
EMIT_L2B_MIN_001_20251003T042234_2527602_003,2025-10-03T04:22:34.000Z,2025-10-03T04:22:46.000Z,100,79.2,https://data.lpdaac.earthdatacloud.nasa.gov/lp-prod-protected/EMITL2BMIN.001/EMIT_L2B_MIN_001_20251003T042234_2527602_003/EMIT_L2B_MIN_001_20251003T042234_2527602_003.nc
EMIT_L2B_MIN_001_20251003T042246_2527602_004,2025-10-03T04:22:46.000Z,2025-10-03T04:22:58.000Z,100,94.9,https://data.lpdaac.earthdatacloud.nasa.gov/lp-prod-protected/EMITL2BMIN.001/EMIT_L2B_MIN_001_20251003T042246_2527602_004/EMIT_L2B_MIN_001_20251003T042246_2527602_004.nc
EMIT_L2B_MIN_001_20251003T042258_2527602_005,2025-10-03T04:22:58.000Z,2025-10-03T04:23:10.000Z,100,88.4,https://data.lpdaac.earthdatacloud.nasa.gov/lp-prod-protected/EMITL2BMIN.001/EMIT_L2B_MIN_001_20251003T042258_2527602_005/EMIT_L2B_MIN_001_20251003T042258_2527602_005.nc
EMIT_L2B_MIN_001_20251003T042310_2527602_006,2025-10-03T04:23:10.000Z,2025-10-03T04:23:21.000Z,100,75.1,https://data.lpdaac.earthdatacloud.nasa.gov/lp-prod-protected/EMITL2BMIN.001/EMIT_L2B_MIN_001_20251003T042310_2527602_006/EMIT_L2B_MIN_001_20251003T042310_2527602_006.nc
EMIT_L2B_MIN_001_20251003T042321_2527602_007,2025-10-03T04:23:21.000Z,2025-10-03T04:23:33.000Z,100,96.4,https://data.lpdaac.earthdatacloud.nasa.gov/lp-prod-protected/EMITL2BMIN.001/EMIT_L2B_MIN_001_20251003T042321_2527602_007/EMIT_L2B_MIN_001_20251003T042321_2527602_007.nc
EMIT_L2B_MIN_001_20251215T080927_2534906_016,2025-12-15T08:09:27.000Z,2025-12-15T08:09:39.000Z,100,77.6,https://data.lpdaac.earthdatacloud.nasa.gov/lp-prod-protected/EMITL2BMIN.001/EMIT_L2B_MIN_001_20251215T080927_2534906_016/EMIT_L2B_MIN_001_20251215T080927_2534906_016.nc
EMIT_L2B_MIN_001_20260321T092829_2608006_013,2026-03-21T09:28:29.000Z,2026-03-21T09:28:41.000Z,100,95.2,https://data.lpdaac.earthdatacloud.nasa.gov/lp-prod-protected/EMITL2BMIN.001/EMIT_L2B_MIN_001_20260321T092829_2608006_013/EMIT_L2B_MIN_001_20260321T092829_2608006_013.nc
EMIT_L2B_MIN_001_20260721T091327_2620206_008,2026-07-21T09:13:27.000Z,2026-07-21T09:13:39.000Z,100,86.5,https://data.lpdaac.earthdatacloud.nasa.gov/lp-prod-protected/EMITL2BMIN.001/EMIT_L2B_MIN_001_20260721T091327_2620206_008/EMIT_L2B_MIN_001_20260721T091327_2620206_008.nc
EMIT_L2B_MIN_001_20260725T074010_2620605_006,2026-07-25T07:40:10.000Z,2026-07-25T07:40:22.000Z,100,106.8,https://data.lpdaac.earthdatacloud.nasa.gov/lp-prod-protected/EMITL2BMIN.001/EMIT_L2B_MIN_001_20260725T074010_2620605_006/EMIT_L2B_MIN_001_20260725T074010_2620605_006.nc
EMIT_L2B_MIN_001_20260725T074022_2620605_007,2026-07-25T07:40:22.000Z,2026-07-25T07:40:41.000Z,100,151.7,https://data.lpdaac.earthdatacloud.nasa.gov/lp-prod-protected/EMITL2BMIN.001/EMIT_L2B_MIN_001_20260725T074022_2620605_007/EMIT_L2B_MIN_001_20260725T074022_2620605_007.nc
EMIT_L2B_MIN_001_20260729T060638_2621004_003,2026-07-29T06:06:38.000Z,2026-07-29T06:06:50.000Z,100,99.3,https://data.lpdaac.earthdatacloud.nasa.gov/lp-prod-protected/EMITL2BMIN.001/EMIT_L2B_MIN_001_20260729T060638_2621004_003/EMIT_L2B_MIN_001_20260729T060638_2621004_003.nc
EMIT_L2B_MIN_001_20260729T060828_2621004_007,2026-07-29T06:08:28.000Z,2026-07-29T06:08:46.000Z,100,127.1,https://data.lpdaac.earthdatacloud.nasa.gov/lp-prod-protected/EMITL2BMIN.001/EMIT_L2B_MIN_001_20260729T060828_2621004_007/EMIT_L2B_MIN_001_20260729T060828_2621004_007.nc
